<?xml version="1.0" encoding="UTF-8" standalone="no"?><MPAReport xmlns:date="http://www.deimos-space.com/Quarc/Reporting/Dates" xmlns:qrl="http://www.deimos-space.com/Quarc/Reporting/Language" xmlns:xdqi="http://www.deimos-space.com/Quarc/Data/Ingestion/Interface">
               <HeaderSection>
                  <Analisys_Analytic_Name>E2ESPM REP_E2EL0C analytic</Analisys_Analytic_Name>
                  <TypeOfReport>Routine</TypeOfReport>
                  <ReportGenerationTime>22-04-2015T19:11:09</ReportGenerationTime>
                  <TimeWindow>
                     <Start>20130707T000000</Start>
                     <Stop>20130711T000000</Stop>
                  </TimeWindow>
                  <TableOfContentOfReport>
                     <ContentOfReport>DATA-STRIP SUMMARY</ContentOfReport>
                     <ContentOfReport>Valid Products</ContentOfReport>
                     <ContentOfReport>Missing Products</ContentOfReport>
                     <ContentOfReport>Unexpected Files</ContentOfReport>
                  </TableOfContentOfReport>
               </HeaderSection>
               <SummaryPerformanceReport>
                  <ListOfDetectedAnomalies>
                     <DetectedAnomalies>
                        <Name>MISSING</Name>
                        <Description>Number of missing files</Description>
                        <Threshold/>
                        <DetectedValue>45</DetectedValue>
                     </DetectedAnomalies>
                     <DetectedAnomalies>
                        <Name>UNEXPECTED</Name>
                        <Description>Number of unexpected files</Description>
                        <Threshold/>
                        <DetectedValue>48</DetectedValue>
                     </DetectedAnomalies>
                  </ListOfDetectedAnomalies>
               </SummaryPerformanceReport>
               <MPISection>
                  <MPI>
                     <Earth_Explorer_Header>
                        <Fixed_Header>
                           <File_Name>S2A_OPER_REP_E2ECAT_MPC_22-04-2015T19:11:09_V20130707T000000_20130711T000000</File_Name>
                           <File_Description/>
                           <Notes/>
                           <Mission>S2A</Mission>
                           <File_Class>OPER</File_Class>
                           <File_Type>REP_E2ECAT</File_Type>
                           <Validity_Period>
                              <Validity_Start>20130707T000000</Validity_Start>
                              <Validity_Stop>20130711T000000</Validity_Stop>
                           </Validity_Period>
                           <File_Version/>
                           <Source>
                              <System>MPC</System>
                              <Creator>E2ESPM_REP_E2ECAT_analytic</Creator>
                              <Creator_Version>1.0</Creator_Version>
                              <Creation_Date>22-04-2015T19:11:09</Creation_Date>
                           </Source>
                        </Fixed_Header>
                        <Variable_Header>
                           <List_of_input_data/>
                           <List_of_output_data>
                              <Output>
                                 <Data_Type>PLOT</Data_Type>
                                 <Data_Name>graphs/gantt_chart_completeness/gantt_chart.qgl.png</Data_Name>
                              </Output>
                           </List_of_output_data>
                        </Variable_Header>
                     </Earth_Explorer_Header>
                  </MPI>
                  <MPI>
                     <Earth_Explorer_Header>
                        <Fixed_Header>
                           <File_Name>S2A_OPER_REP_E2ECAT_MPC_22-04-2015T19:11:09_V20130707T000000_20130711T000000</File_Name>
                           <File_Description/>
                           <Notes/>
                           <Mission>S2A</Mission>
                           <File_Class>OPER</File_Class>
                           <File_Type>REP_E2ECAT</File_Type>
                           <Validity_Period>
                              <Validity_Start>20130707T000000</Validity_Start>
                              <Validity_Stop>20130711T000000</Validity_Stop>
                           </Validity_Period>
                           <File_Version/>
                           <Source>
                              <System>MPC</System>
                              <Creator>E2ESPM_REP_E2ECAT_analytic</Creator>
                              <Creator_Version>1.0</Creator_Version>
                              <Creation_Date>22-04-2015T19:11:09</Creation_Date>
                           </Source>
                        </Fixed_Header>
                        <Variable_Header>
                           <List_of_input_data/>
                           <List_of_output_data>
                              <Output>
                                 <Data_Type>HTML</Data_Type>
                                 <Data_Name>index.xml</Data_Name>
                              </Output>
                           </List_of_output_data>
                        </Variable_Header>
                     </Earth_Explorer_Header>
                  </MPI>
                  <MPI>
                     <Earth_Explorer_Header>
                        <Fixed_Header>
                           <File_Name>S2A_OPER_REP_E2ECAT_MPC_22-04-2015T19:11:09_V20130707T000000_20130711T000000</File_Name>
                           <File_Description/>
                           <Notes/>
                           <Mission>S2A</Mission>
                           <File_Class>OPER</File_Class>
                           <File_Type>REP_E2ECAT</File_Type>
                           <Validity_Period>
                              <Validity_Start>20130707T000000</Validity_Start>
                              <Validity_Stop>20130711T000000</Validity_Stop>
                           </Validity_Period>
                           <File_Version/>
                           <Source>
                              <System>MPC</System>
                              <Creator>E2ESPM_REP_E2ECAT_analytic</Creator>
                              <Creator_Version>1.0</Creator_Version>
                              <Creation_Date>22-04-2015T19:11:09</Creation_Date>
                           </Source>
                        </Fixed_Header>
                        <Variable_Header>
                           <List_of_input_data/>
                           <List_of_output_data>
                              <Output>
                                 <Data_Type>HTML</Data_Type>
                                 <Data_Name>index.xml</Data_Name>
                              </Output>
                           </List_of_output_data>
                        </Variable_Header>
                     </Earth_Explorer_Header>
                  </MPI>
                  <MPI>
                     <Earth_Explorer_Header>
                        <Fixed_Header>
                           <File_Name>S2A_OPER_REP_E2ECAT_MPC_22-04-2015T19:11:09_V20130707T000000_20130711T000000</File_Name>
                           <File_Description/>
                           <Notes/>
                           <Mission>S2A</Mission>
                           <File_Class>OPER</File_Class>
                           <File_Type>REP_E2ECAT</File_Type>
                           <Validity_Period>
                              <Validity_Start>20130707T000000</Validity_Start>
                              <Validity_Stop>20130711T000000</Validity_Stop>
                           </Validity_Period>
                           <File_Version/>
                           <Source>
                              <System>MPC</System>
                              <Creator>E2ESPM_REP_E2ECAT_analytic</Creator>
                              <Creator_Version>1.0</Creator_Version>
                              <Creation_Date>22-04-2015T19:11:09</Creation_Date>
                           </Source>
                        </Fixed_Header>
                        <Variable_Header>
                           <List_of_input_data/>
                           <List_of_output_data>
                              <Output>
                                 <Data_Type>HTML</Data_Type>
                                 <Data_Name>index.xml</Data_Name>
                              </Output>
                           </List_of_output_data>
                        </Variable_Header>
                     </Earth_Explorer_Header>
                  </MPI>
               </MPISection>
            </MPAReport>