<?xml version="1.0" encoding="UTF-8" standalone="no"?><GanttX xmlns:date="http://www.deimos-space.com/Quarc/Reporting/Dates" xmlns:qrl="http://www.deimos-space.com/Quarc/Reporting/Language" xmlns:xdqi="http://www.deimos-space.com/Quarc/Data/Ingestion/Interface">
               <ValidFrom>20130707T000000</ValidFrom>
               <ValidTo>20130711T000000</ValidTo>
               <Tasks>
                  <Task id="MSI_L0__DS#d1e383194.Completenees">
                     <Type>MSI_L0__DS</Type>
                     <End>2013-07-07T13:47:18.000000Z</End>
                     <Start>2013-07-07T13:45:08.000000Z</Start>
                     <Caption/>
                     <Parameters>
                        <PRODUCT>S2A_OPER_MSI_L0__DS_SGS__20150403T151732_S20130707T134508_N06.02</PRODUCT>
                        <DATATYPE>MSI_L0__DS</DATATYPE>
                        <Timeline>Valid</Timeline>
                        <Library>Completeness</Library>
                     </Parameters>
                  </Task>
                  <Task id="MSI_L0__DS#d1e383215.Completenees">
                     <Type>MSI_L0__DS</Type>
                     <End>2013-07-07T15:28:34.000000Z</End>
                     <Start>2013-07-07T15:23:24.000000Z</Start>
                     <Caption/>
                     <Parameters>
                        <PRODUCT>S2A_OPER_MSI_L0__DS_SGS__20150403T182651_S20130707T152324_N06.02</PRODUCT>
                        <DATATYPE>MSI_L0__DS</DATATYPE>
                        <Timeline>Valid</Timeline>
                        <Library>Completeness</Library>
                     </Parameters>
                  </Task>
                  <Task id="MSI_L0__DS#d1e383236.Completenees">
                     <Type>MSI_L0__DS</Type>
                     <End>2013-07-07T17:22:12.000000Z</End>
                     <Start>2013-07-07T17:14:15.000000Z</Start>
                     <Caption/>
                     <Parameters>
                        <PRODUCT>S2A_OPER_MSI_L0__DS_SGS__20150403T200906_S20130707T171415_N06.02</PRODUCT>
                        <DATATYPE>MSI_L0__DS</DATATYPE>
                        <Timeline>Valid</Timeline>
                        <Library>Completeness</Library>
                     </Parameters>
                  </Task>
                  <Task id="MSI_L0__DS#d1e383257.Completenees">
                     <Type>MSI_L0__DS</Type>
                     <End>2013-07-07T18:45:44.000000Z</End>
                     <Start>2013-07-07T18:42:51.000000Z</Start>
                     <Caption/>
                     <Parameters>
                        <PRODUCT>S2A_OPER_MSI_L0__DS_MTI__20150403T213435_S20130707T184251_N06.02</PRODUCT>
                        <DATATYPE>MSI_L0__DS</DATATYPE>
                        <Timeline>Valid</Timeline>
                        <Library>Completeness</Library>
                     </Parameters>
                  </Task>
                  <Task id="MSI_L0__DS#d1e383278.Completenees">
                     <Type>MSI_L0__DS</Type>
                     <End>2013-07-07T20:32:51.000000Z</End>
                     <Start>2013-07-07T20:29:55.000000Z</Start>
                     <Caption/>
                     <Parameters>
                        <PRODUCT>S2A_OPER_MSI_L0__DS_MTI__20150403T231505_S20130707T202955_N06.02</PRODUCT>
                        <DATATYPE>MSI_L0__DS</DATATYPE>
                        <Timeline>Valid</Timeline>
                        <Library>Completeness</Library>
                     </Parameters>
                  </Task>
                  <Task id="MSI_L0__DS#d1e383300.Completenees">
                     <Type>MSI_L0__DS</Type>
                     <End>2013-07-07T22:13:20.000000Z</End>
                     <Start>2013-07-07T22:10:09.000000Z</Start>
                     <Caption/>
                     <Parameters>
                        <PRODUCT>S2A_OPER_MSI_L0__DS_SGS__20150404T010743_S20130707T221009_N06.02</PRODUCT>
                        <DATATYPE>MSI_L0__DS</DATATYPE>
                        <Timeline>Valid</Timeline>
                        <Library>Completeness</Library>
                     </Parameters>
                  </Task>
                  <Task id="MSI_L0__DS#d1e383321.Completenees">
                     <Type>MSI_L0__DS</Type>
                     <End>2013-07-07T23:53:18.000000Z</End>
                     <Start>2013-07-07T23:51:26.000000Z</Start>
                     <Caption/>
                     <Parameters>
                        <PRODUCT>S2A_OPER_MSI_L0__DS_SGS__20150404T024916_S20130707T235126_N06.02</PRODUCT>
                        <DATATYPE>MSI_L0__DS</DATATYPE>
                        <Timeline>Valid</Timeline>
                        <Library>Completeness</Library>
                     </Parameters>
                  </Task>
                  <Task id="MSI_L0__DS#d1e383342.Completenees">
                     <Type>MSI_L0__DS</Type>
                     <End>2013-07-08T01:34:48.000000Z</End>
                     <Start>2013-07-08T01:31:44.000000Z</Start>
                     <Caption/>
                     <Parameters>
                        <PRODUCT>S2A_OPER_MSI_L0__DS_SGS__20150404T043917_S20130708T013144_N06.02</PRODUCT>
                        <DATATYPE>MSI_L0__DS</DATATYPE>
                        <Timeline>Valid</Timeline>
                        <Library>Completeness</Library>
                     </Parameters>
                  </Task>
                  <Task id="MSI_L0__DS#d1e383363.Completenees">
                     <Type>MSI_L0__DS</Type>
                     <End>2013-07-08T02:01:07.000000Z</End>
                     <Start>2013-07-08T01:55:32.000000Z</Start>
                     <Caption/>
                     <Parameters>
                        <PRODUCT>S2A_OPER_MSI_L0__DS_SGS__20150404T043916_S20130708T015532_N06.02</PRODUCT>
                        <DATATYPE>MSI_L0__DS</DATATYPE>
                        <Timeline>Valid</Timeline>
                        <Library>Completeness</Library>
                     </Parameters>
                  </Task>
                  <Task id="MSI_L0__DS#d1e383384.Completenees">
                     <Type>MSI_L0__DS</Type>
                     <End>2013-07-08T03:00:01.000000Z</End>
                     <Start>2013-07-08T02:59:36.000000Z</Start>
                     <Caption/>
                     <Parameters>
                        <PRODUCT>S2A_OPER_MSI_L0__DS_SGS__20150404T043916_S20130708T025936_N06.02</PRODUCT>
                        <DATATYPE>MSI_L0__DS</DATATYPE>
                        <Timeline>Valid</Timeline>
                        <Library>Completeness</Library>
                     </Parameters>
                  </Task>
                  <Task id="MSI_L0__DS#d1e383405.Completenees">
                     <Type>MSI_L0__DS</Type>
                     <End>2013-07-08T03:13:09.000000Z</End>
                     <Start>2013-07-08T03:11:18.000000Z</Start>
                     <Caption/>
                     <Parameters>
                        <PRODUCT>S2A_OPER_MSI_L0__DS_SGS__20150404T062138_S20130708T031118_N06.02</PRODUCT>
                        <DATATYPE>MSI_L0__DS</DATATYPE>
                        <Timeline>Valid</Timeline>
                        <Library>Completeness</Library>
                     </Parameters>
                  </Task>
                  <Task id="MSI_L0__DS#d1e383427.Completenees">
                     <Type>MSI_L0__DS</Type>
                     <End>2013-07-08T03:25:36.000000Z</End>
                     <Start>2013-07-08T03:13:02.000000Z</Start>
                     <Caption/>
                     <Parameters>
                        <PRODUCT>S2A_OPER_MSI_L0__DS_SGS__20150404T080446_S20130708T031302_N06.02</PRODUCT>
                        <DATATYPE>MSI_L0__DS</DATATYPE>
                        <Timeline>Valid</Timeline>
                        <Library>Completeness</Library>
                     </Parameters>
                  </Task>
                  <Task id="MSI_L0__DS#d1e383448.Completenees">
                     <Type>MSI_L0__DS</Type>
                     <End>2013-07-08T03:29:38.000000Z</End>
                     <Start>2013-07-08T03:25:29.000000Z</Start>
                     <Caption/>
                     <Parameters>
                        <PRODUCT>S2A_OPER_MSI_L0__DS_SGS__20150404T094738_S20130708T032529_N06.02</PRODUCT>
                        <DATATYPE>MSI_L0__DS</DATATYPE>
                        <Timeline>Valid</Timeline>
                        <Library>Completeness</Library>
                     </Parameters>
                  </Task>
                  <Task id="MSI_L0__DS#d1e383469.Completenees">
                     <Type>MSI_L0__DS</Type>
                     <End>2013-07-08T04:19:03.000000Z</End>
                     <Start>2013-07-08T04:10:45.000000Z</Start>
                     <Caption/>
                     <Parameters>
                        <PRODUCT>S2A_OPER_MSI_L0__DS_SGS__20150404T062136_S20130708T041045_N06.02</PRODUCT>
                        <DATATYPE>MSI_L0__DS</DATATYPE>
                        <Timeline>Valid</Timeline>
                        <Library>Completeness</Library>
                     </Parameters>
                  </Task>
                  <Task id="MSI_L0__DS#d1e383490.Completenees">
                     <Type>MSI_L0__DS</Type>
                     <End>2013-07-08T05:01:59.000000Z</End>
                     <Start>2013-07-08T04:51:57.000000Z</Start>
                     <Caption/>
                     <Parameters>
                        <PRODUCT>S2A_OPER_MSI_L0__DS_SGS__20150404T094738_S20130708T045157_N06.02</PRODUCT>
                        <DATATYPE>MSI_L0__DS</DATATYPE>
                        <Timeline>Valid</Timeline>
                        <Library>Completeness</Library>
                     </Parameters>
                  </Task>
                  <Task id="MSI_L0__DS#d1e383511.Completenees">
                     <Type>MSI_L0__DS</Type>
                     <End>2013-07-08T05:08:15.000000Z</End>
                     <Start>2013-07-08T05:01:52.000000Z</Start>
                     <Caption/>
                     <Parameters>
                        <PRODUCT>S2A_OPER_MSI_L0__DS_SGS__20150404T112558_S20130708T050152_N06.02</PRODUCT>
                        <DATATYPE>MSI_L0__DS</DATATYPE>
                        <Timeline>Valid</Timeline>
                        <Library>Completeness</Library>
                     </Parameters>
                  </Task>
                  <Task id="MSI_L0__DS#d1e383532.Completenees">
                     <Type>MSI_L0__DS</Type>
                     <End>2013-07-08T06:33:36.000000Z</End>
                     <Start>2013-07-08T06:31:55.000000Z</Start>
                     <Caption/>
                     <Parameters>
                        <PRODUCT>S2A_OPER_MSI_L0__DS_SGS__20150404T112558_S20130708T063155_N06.02</PRODUCT>
                        <DATATYPE>MSI_L0__DS</DATATYPE>
                        <Timeline>Valid</Timeline>
                        <Library>Completeness</Library>
                     </Parameters>
                  </Task>
                  <Task id="MSI_L0__DS#d1e383554.Completenees">
                     <Type>MSI_L0__DS</Type>
                     <End>2013-07-08T06:47:11.000000Z</End>
                     <Start>2013-07-08T06:33:29.000000Z</Start>
                     <Caption/>
                     <Parameters>
                        <PRODUCT>S2A_OPER_MSI_L0__DS_SGS__20150404T130913_S20130708T063329_N06.02</PRODUCT>
                        <DATATYPE>MSI_L0__DS</DATATYPE>
                        <Timeline>Valid</Timeline>
                        <Library>Completeness</Library>
                     </Parameters>
                  </Task>
                  <Task id="MSI_L0__DS#d1e383575.Completenees">
                     <Type>MSI_L0__DS</Type>
                     <End>2013-07-08T06:47:48.000000Z</End>
                     <Start>2013-07-08T06:47:04.000000Z</Start>
                     <Caption/>
                     <Parameters>
                        <PRODUCT>S2A_OPER_MSI_L0__DS_MTI__20150404T131445_S20130708T064704_N06.02</PRODUCT>
                        <DATATYPE>MSI_L0__DS</DATATYPE>
                        <Timeline>Valid</Timeline>
                        <Library>Completeness</Library>
                     </Parameters>
                  </Task>
                  <Task id="MSI_L0__DS#d1e383596.Completenees">
                     <Type>MSI_L0__DS</Type>
                     <End>2013-07-08T08:23:37.000000Z</End>
                     <Start>2013-07-08T08:14:43.000000Z</Start>
                     <Caption/>
                     <Parameters>
                        <PRODUCT>S2A_OPER_MSI_L0__DS_MTI__20150404T095550_S20130708T081443_N06.02</PRODUCT>
                        <DATATYPE>MSI_L0__DS</DATATYPE>
                        <Timeline>Valid</Timeline>
                        <Library>Completeness</Library>
                     </Parameters>
                  </Task>
                  <Task id="MSI_L0__DS#d1e383617.Completenees">
                     <Type>MSI_L0__DS</Type>
                     <End>2013-07-08T08:26:57.000000Z</End>
                     <Start>2013-07-08T08:23:29.000000Z</Start>
                     <Caption/>
                     <Parameters>
                        <PRODUCT>S2A_OPER_MSI_L0__DS_SGS__20150404T112558_S20130708T082329_N06.02</PRODUCT>
                        <DATATYPE>MSI_L0__DS</DATATYPE>
                        <Timeline>Valid</Timeline>
                        <Library>Completeness</Library>
                     </Parameters>
                  </Task>
                  <Task id="MSI_L0__DS#d1e383638.Completenees">
                     <Type>MSI_L0__DS</Type>
                     <End>2013-07-08T08:29:25.000000Z</End>
                     <Start>2013-07-08T08:26:50.000000Z</Start>
                     <Caption/>
                     <Parameters>
                        <PRODUCT>S2A_OPER_MSI_L0__DS_MTI__20150404T131446_S20130708T082650_N06.02</PRODUCT>
                        <DATATYPE>MSI_L0__DS</DATATYPE>
                        <Timeline>Valid</Timeline>
                        <Library>Completeness</Library>
                     </Parameters>
                  </Task>
                  <Task id="MSI_L0__DS#d1e383659.Completenees">
                     <Type>MSI_L0__DS</Type>
                     <End>2013-07-08T08:43:47.000000Z</End>
                     <Start>2013-07-08T08:29:18.000000Z</Start>
                     <Caption/>
                     <Parameters>
                        <PRODUCT>S2A_OPER_MSI_L0__DS_SGS__20150404T144901_S20130708T082918_N06.02</PRODUCT>
                        <DATATYPE>MSI_L0__DS</DATATYPE>
                        <Timeline>Valid</Timeline>
                        <Library>Completeness</Library>
                     </Parameters>
                  </Task>
                  <Task id="MSI_L0__DS#d1e383681.Completenees">
                     <Type>MSI_L0__DS</Type>
                     <End>2013-07-08T10:06:10.000000Z</End>
                     <Start>2013-07-08T09:55:06.000000Z</Start>
                     <Caption/>
                     <Parameters>
                        <PRODUCT>S2A_OPER_MSI_L0__DS_MTI__20150404T113905_S20130708T095506_N06.02</PRODUCT>
                        <DATATYPE>MSI_L0__DS</DATATYPE>
                        <Timeline>Valid</Timeline>
                        <Library>Completeness</Library>
                     </Parameters>
                  </Task>
                  <Task id="MSI_L0__DS#d1e383702.Completenees">
                     <Type>MSI_L0__DS</Type>
                     <End>2013-07-08T10:09:28.000000Z</End>
                     <Start>2013-07-08T10:06:39.000000Z</Start>
                     <Caption/>
                     <Parameters>
                        <PRODUCT>S2A_OPER_MSI_L0__DS_MTI__20150404T113906_S20130708T100639_N06.02</PRODUCT>
                        <DATATYPE>MSI_L0__DS</DATATYPE>
                        <Timeline>Valid</Timeline>
                        <Library>Completeness</Library>
                     </Parameters>
                  </Task>
                  <Task id="MSI_L0__DS#d1e383723.Completenees">
                     <Type>MSI_L0__DS</Type>
                     <End>2013-07-08T10:10:47.000000Z</End>
                     <Start>2013-07-08T10:09:21.000000Z</Start>
                     <Caption/>
                     <Parameters>
                        <PRODUCT>S2A_OPER_MSI_L0__DS_SGS__20150404T130912_S20130708T100921_N06.02</PRODUCT>
                        <DATATYPE>MSI_L0__DS</DATATYPE>
                        <Timeline>Valid</Timeline>
                        <Library>Completeness</Library>
                     </Parameters>
                  </Task>
                  <Task id="MSI_L0__DS#d1e383744.Completenees">
                     <Type>MSI_L0__DS</Type>
                     <End>2013-07-08T10:12:01.000000Z</End>
                     <Start>2013-07-08T10:11:18.000000Z</Start>
                     <Caption/>
                     <Parameters>
                        <PRODUCT>S2A_OPER_MSI_L0__DS_SGS__20150404T144903_S20130708T101118_N06.02</PRODUCT>
                        <DATATYPE>MSI_L0__DS</DATATYPE>
                        <Timeline>Valid</Timeline>
                        <Library>Completeness</Library>
                     </Parameters>
                  </Task>
                  <Task id="MSI_L0__DS#d1e383765.Completenees">
                     <Type>MSI_L0__DS</Type>
                     <End>2013-07-08T10:13:42.000000Z</End>
                     <Start>2013-07-08T10:11:54.000000Z</Start>
                     <Caption/>
                     <Parameters>
                        <PRODUCT>S2A_OPER_MSI_L0__DS_SGS__20150404T162814_S20130708T101154_N06.02</PRODUCT>
                        <DATATYPE>MSI_L0__DS</DATATYPE>
                        <Timeline>Valid</Timeline>
                        <Library>Completeness</Library>
                     </Parameters>
                  </Task>
                  <Task id="MSI_L0__DS#d1e383786.Completenees">
                     <Type>MSI_L0__DS</Type>
                     <End>2013-07-08T11:41:27.000000Z</End>
                     <Start>2013-07-08T11:39:10.000000Z</Start>
                     <Caption/>
                     <Parameters>
                        <PRODUCT>S2A_OPER_MSI_L0__DS_MTI__20150404T131446_S20130708T113910_N06.02</PRODUCT>
                        <DATATYPE>MSI_L0__DS</DATATYPE>
                        <Timeline>Valid</Timeline>
                        <Library>Completeness</Library>
                     </Parameters>
                  </Task>
                  <Task id="MSI_L0__DS#d1e383808.Completenees">
                     <Type>MSI_L0__DS</Type>
                     <End>2013-07-08T11:51:46.000000Z</End>
                     <Start>2013-07-08T11:48:42.000000Z</Start>
                     <Caption/>
                     <Parameters>
                        <PRODUCT>S2A_OPER_MSI_L0__DS_SGS__20150404T162814_S20130708T114842_N06.02</PRODUCT>
                        <DATATYPE>MSI_L0__DS</DATATYPE>
                        <Timeline>Valid</Timeline>
                        <Library>Completeness</Library>
                     </Parameters>
                  </Task>
                  <Task id="MSI_L0__DS#d1e383829.Completenees">
                     <Type>MSI_L0__DS</Type>
                     <End>2013-07-08T13:18:12.000000Z</End>
                     <Start>2013-07-08T13:17:29.000000Z</Start>
                     <Caption/>
                     <Parameters>
                        <PRODUCT>S2A_OPER_MSI_L0__DS_SGS__20150404T162813_S20130708T131729_N06.02</PRODUCT>
                        <DATATYPE>MSI_L0__DS</DATATYPE>
                        <Timeline>Valid</Timeline>
                        <Library>Completeness</Library>
                     </Parameters>
                  </Task>
                  <Task id="MSI_L0__DS#d1e383850.Completenees">
                     <Type>MSI_L0__DS</Type>
                     <End>2013-07-08T14:59:31.000000Z</End>
                     <Start>2013-07-08T14:53:41.000000Z</Start>
                     <Caption/>
                     <Parameters>
                        <PRODUCT>S2A_OPER_MSI_L0__DS_SGS__20150404T162813_S20130708T145341_N06.02</PRODUCT>
                        <DATATYPE>MSI_L0__DS</DATATYPE>
                        <Timeline>Valid</Timeline>
                        <Library>Completeness</Library>
                     </Parameters>
                  </Task>
                  <Task id="MSI_L0__DS#d1e383871.Completenees">
                     <Type>MSI_L0__DS</Type>
                     <End>2013-07-08T16:48:48.000000Z</End>
                     <Start>2013-07-08T16:33:14.000000Z</Start>
                     <Caption/>
                     <Parameters>
                        <PRODUCT>S2A_OPER_MSI_L0__DS_SGS__20150404T194713_S20130708T163314_N06.02</PRODUCT>
                        <DATATYPE>MSI_L0__DS</DATATYPE>
                        <Timeline>Valid</Timeline>
                        <Library>Completeness</Library>
                     </Parameters>
                  </Task>
                  <Task id="MSI_L0__DS#d1e383892.Completenees">
                     <Type>MSI_L0__DS</Type>
                     <End>2013-07-08T16:49:31.000000Z</End>
                     <Start>2013-07-08T16:48:41.000000Z</Start>
                     <Caption/>
                     <Parameters>
                        <PRODUCT>S2A_OPER_MSI_L0__DS_MTI__20150404T210735_S20130708T164841_N06.02</PRODUCT>
                        <DATATYPE>MSI_L0__DS</DATATYPE>
                        <Timeline>Valid</Timeline>
                        <Library>Completeness</Library>
                     </Parameters>
                  </Task>
                  <Task id="MSI_L0__DS#d1e383913.Completenees">
                     <Type>MSI_L0__DS</Type>
                     <End>2013-07-08T18:15:59.000000Z</End>
                     <Start>2013-07-08T18:12:55.000000Z</Start>
                     <Caption/>
                     <Parameters>
                        <PRODUCT>S2A_OPER_MSI_L0__DS_MTI__20150404T210736_S20130708T181255_N06.02</PRODUCT>
                        <DATATYPE>MSI_L0__DS</DATATYPE>
                        <Timeline>Valid</Timeline>
                        <Library>Completeness</Library>
                     </Parameters>
                  </Task>
                  <Task id="MSI_L0__DS#d1e383935.Completenees">
                     <Type>MSI_L0__DS</Type>
                     <End>2013-07-08T19:54:53.000000Z</End>
                     <Start>2013-07-08T19:52:33.000000Z</Start>
                     <Caption/>
                     <Parameters>
                        <PRODUCT>S2A_OPER_MSI_L0__DS_SGS__20150404T213752_S20130708T195233_N06.02</PRODUCT>
                        <DATATYPE>MSI_L0__DS</DATATYPE>
                        <Timeline>Valid</Timeline>
                        <Library>Completeness</Library>
                     </Parameters>
                  </Task>
                  <Task id="MSI_L0__DS#d1e383956.Completenees">
                     <Type>MSI_L0__DS</Type>
                     <End>2013-07-08T23:21:11.000000Z</End>
                     <Start>2013-07-08T23:20:13.000000Z</Start>
                     <Caption/>
                     <Parameters>
                        <PRODUCT>S2A_OPER_MSI_L0__DS_SGS__20150405T021731_S20130708T232013_N06.02</PRODUCT>
                        <DATATYPE>MSI_L0__DS</DATATYPE>
                        <Timeline>Valid</Timeline>
                        <Library>Completeness</Library>
                     </Parameters>
                  </Task>
                  <Task id="MSI_L0__DS#d1e383977.Completenees">
                     <Type>MSI_L0__DS</Type>
                     <End>2013-07-09T01:05:43.000000Z</End>
                     <Start>2013-07-09T01:01:37.000000Z</Start>
                     <Caption/>
                     <Parameters>
                        <PRODUCT>S2A_OPER_MSI_L0__DS_SGS__20150405T040831_S20130709T010137_N06.02</PRODUCT>
                        <DATATYPE>MSI_L0__DS</DATATYPE>
                        <Timeline>Valid</Timeline>
                        <Library>Completeness</Library>
                     </Parameters>
                  </Task>
                  <Task id="MSI_L0__DS#d1e383998.Completenees">
                     <Type>MSI_L0__DS</Type>
                     <End>2013-07-09T01:30:21.000000Z</End>
                     <Start>2013-07-09T01:24:45.000000Z</Start>
                     <Caption/>
                     <Parameters>
                        <PRODUCT>S2A_OPER_MSI_L0__DS_SGS__20150405T040832_S20130709T012445_N06.02</PRODUCT>
                        <DATATYPE>MSI_L0__DS</DATATYPE>
                        <Timeline>Valid</Timeline>
                        <Library>Completeness</Library>
                     </Parameters>
                  </Task>
                  <Task id="MSI_L0__DS#d1e384019.Completenees">
                     <Type>MSI_L0__DS</Type>
                     <End>2013-07-09T02:51:27.000000Z</End>
                     <Start>2013-07-09T02:41:24.000000Z</Start>
                     <Caption/>
                     <Parameters>
                        <PRODUCT>S2A_OPER_MSI_L0__DS_SGS__20150405T055044_S20130709T024124_N06.02</PRODUCT>
                        <DATATYPE>MSI_L0__DS</DATATYPE>
                        <Timeline>Valid</Timeline>
                        <Library>Completeness</Library>
                     </Parameters>
                  </Task>
                  <Task id="MSI_L0__DS#d1e384040.Completenees">
                     <Type>MSI_L0__DS</Type>
                     <End>2013-07-09T02:55:32.000000Z</End>
                     <Start>2013-07-09T02:51:19.000000Z</Start>
                     <Caption/>
                     <Parameters>
                        <PRODUCT>S2A_OPER_MSI_L0__DS_SGS__20150405T073418_S20130709T025119_N06.02</PRODUCT>
                        <DATATYPE>MSI_L0__DS</DATATYPE>
                        <Timeline>Valid</Timeline>
                        <Library>Completeness</Library>
                     </Parameters>
                  </Task>
                  <Task id="MSI_L0__DS#d1e384062.Completenees">
                     <Type>MSI_L0__DS</Type>
                     <End>2013-07-09T04:29:23.000000Z</End>
                     <Start>2013-07-09T04:22:00.000000Z</Start>
                     <Caption/>
                     <Parameters>
                        <PRODUCT>S2A_OPER_MSI_L0__DS_SGS__20150405T073417_S20130709T042200_N06.02</PRODUCT>
                        <DATATYPE>MSI_L0__DS</DATATYPE>
                        <Timeline>Valid</Timeline>
                        <Library>Completeness</Library>
                     </Parameters>
                  </Task>
                  <Task id="MSI_L0__DS#d1e384083.Completenees">
                     <Type>MSI_L0__DS</Type>
                     <End>2013-07-09T04:36:00.000000Z</End>
                     <Start>2013-07-09T04:29:16.000000Z</Start>
                     <Caption/>
                     <Parameters>
                        <PRODUCT>S2A_OPER_MSI_L0__DS_SGS__20150405T091708_S20130709T042916_N06.02</PRODUCT>
                        <DATATYPE>MSI_L0__DS</DATATYPE>
                        <Timeline>Valid</Timeline>
                        <Library>Completeness</Library>
                     </Parameters>
                  </Task>
                  <Task id="MSI_L0__DS#d1e384104.Completenees">
                     <Type>MSI_L0__DS</Type>
                     <End>2013-07-09T06:08:20.000000Z</End>
                     <Start>2013-07-09T06:01:14.000000Z</Start>
                     <Caption/>
                     <Parameters>
                        <PRODUCT>S2A_OPER_MSI_L0__DS_SGS__20150405T091708_S20130709T060114_N06.02</PRODUCT>
                        <DATATYPE>MSI_L0__DS</DATATYPE>
                        <Timeline>Valid</Timeline>
                        <Library>Completeness</Library>
                     </Parameters>
                  </Task>
                  <Task id="MSI_L0__DS#d1e384125.Completenees">
                     <Type>MSI_L0__DS</Type>
                     <End>2013-07-09T06:08:56.000000Z</End>
                     <Start>2013-07-09T06:08:12.000000Z</Start>
                     <Caption/>
                     <Parameters>
                        <PRODUCT>S2A_OPER_MSI_L0__DS_MTI__20150405T110942_S20130709T060812_N06.02</PRODUCT>
                        <DATATYPE>MSI_L0__DS</DATATYPE>
                        <Timeline>Valid</Timeline>
                        <Library>Completeness</Library>
                     </Parameters>
                  </Task>
                  <Task id="MSI_L0__DS#d1e384146.Completenees">
                     <Type>MSI_L0__DS</Type>
                     <End>2013-07-09T06:16:27.000000Z</End>
                     <Start>2013-07-09T06:08:48.000000Z</Start>
                     <Caption/>
                     <Parameters>
                        <PRODUCT>S2A_OPER_MSI_L0__DS_SGS__20150405T123929_S20130709T060848_N06.02</PRODUCT>
                        <DATATYPE>MSI_L0__DS</DATATYPE>
                        <Timeline>Valid</Timeline>
                        <Library>Completeness</Library>
                     </Parameters>
                  </Task>
                  <Task id="MSI_L0__DS#d1e384167.Completenees">
                     <Type>MSI_L0__DS</Type>
                     <End>2013-07-09T07:59:05.000000Z</End>
                     <Start>2013-07-09T07:44:50.000000Z</Start>
                     <Caption/>
                     <Parameters>
                        <PRODUCT>S2A_OPER_MSI_L0__DS_SGS__20150405T105743_S20130709T074450_N06.02</PRODUCT>
                        <DATATYPE>MSI_L0__DS</DATATYPE>
                        <Timeline>Valid</Timeline>
                        <Library>Completeness</Library>
                     </Parameters>
                  </Task>
                  <Task id="MSI_L0__DS#d1e384189.Completenees">
                     <Type>MSI_L0__DS</Type>
                     <End>2013-07-09T07:59:38.000000Z</End>
                     <Start>2013-07-09T07:58:58.000000Z</Start>
                     <Caption/>
                     <Parameters>
                        <PRODUCT>S2A_OPER_MSI_L0__DS_MTI__20150405T110941_S20130709T075858_N06.02</PRODUCT>
                        <DATATYPE>MSI_L0__DS</DATATYPE>
                        <Timeline>Valid</Timeline>
                        <Library>Completeness</Library>
                     </Parameters>
                  </Task>
                  <Task id="MSI_L0__DS#d1e384210.Completenees">
                     <Type>MSI_L0__DS</Type>
                     <End>2013-07-09T08:07:18.000000Z</End>
                     <Start>2013-07-09T07:59:40.000000Z</Start>
                     <Caption/>
                     <Parameters>
                        <PRODUCT>S2A_OPER_MSI_L0__DS_SGS__20150405T123928_S20130709T075940_N06.02</PRODUCT>
                        <DATATYPE>MSI_L0__DS</DATATYPE>
                        <Timeline>Valid</Timeline>
                        <Library>Completeness</Library>
                     </Parameters>
                  </Task>
                  <Task id="MSI_L0__DS#d1e384231.Completenees">
                     <Type>MSI_L0__DS</Type>
                     <End>2013-07-09T08:13:33.000000Z</End>
                     <Start>2013-07-09T08:07:11.000000Z</Start>
                     <Caption/>
                     <Parameters>
                        <PRODUCT>S2A_OPER_MSI_L0__DS_SGS__20150405T142012_S20130709T080711_N06.02</PRODUCT>
                        <DATATYPE>MSI_L0__DS</DATATYPE>
                        <Timeline>Valid</Timeline>
                        <Library>Completeness</Library>
                     </Parameters>
                  </Task>
                  <Task id="MSI_L0__DS#d1e384252.Completenees">
                     <Type>MSI_L0__DS</Type>
                     <End>2013-07-09T09:36:17.000000Z</End>
                     <Start>2013-07-09T09:25:20.000000Z</Start>
                     <Caption/>
                     <Parameters>
                        <PRODUCT>S2A_OPER_MSI_L0__DS_MTI__20150405T110940_S20130709T092520_N06.02</PRODUCT>
                        <DATATYPE>MSI_L0__DS</DATATYPE>
                        <Timeline>Valid</Timeline>
                        <Library>Completeness</Library>
                     </Parameters>
                  </Task>
                  <Task id="MSI_L0__DS#d1e384273.Completenees">
                     <Type>MSI_L0__DS</Type>
                     <End>2013-07-09T09:41:33.000000Z</End>
                     <Start>2013-07-09T09:36:19.000000Z</Start>
                     <Caption/>
                     <Parameters>
                        <PRODUCT>S2A_OPER_MSI_L0__DS_SGS__20150405T142012_S20130709T093619_N06.02</PRODUCT>
                        <DATATYPE>MSI_L0__DS</DATATYPE>
                        <Timeline>Valid</Timeline>
                        <Library>Completeness</Library>
                     </Parameters>
                  </Task>
                  <Task id="MSI_L0__DS#d1e384294.Completenees">
                     <Type>MSI_L0__DS</Type>
                     <End>2013-07-09T09:45:53.000000Z</End>
                     <Start>2013-07-09T09:41:26.000000Z</Start>
                     <Caption/>
                     <Parameters>
                        <PRODUCT>S2A_OPER_MSI_L0__DS_SGS__20150405T155916_S20130709T094126_N06.02</PRODUCT>
                        <DATATYPE>MSI_L0__DS</DATATYPE>
                        <Timeline>Valid</Timeline>
                        <Library>Completeness</Library>
                     </Parameters>
                  </Task>
                  <Task id="MSI_L0__DS#d1e384316.Completenees">
                     <Type>MSI_L0__DS</Type>
                     <End>2013-07-09T11:12:59.000000Z</End>
                     <Start>2013-07-09T11:05:24.000000Z</Start>
                     <Caption/>
                     <Parameters>
                        <PRODUCT>S2A_OPER_MSI_L0__DS_MTI__20150405T124530_S20130709T110524_N06.02</PRODUCT>
                        <DATATYPE>MSI_L0__DS</DATATYPE>
                        <Timeline>Valid</Timeline>
                        <Library>Completeness</Library>
                     </Parameters>
                  </Task>
                  <Task id="MSI_L0__DS#d1e384337.Completenees">
                     <Type>MSI_L0__DS</Type>
                     <End>2013-07-09T11:15:45.000000Z</End>
                     <Start>2013-07-09T11:12:52.000000Z</Start>
                     <Caption/>
                     <Parameters>
                        <PRODUCT>S2A_OPER_MSI_L0__DS_SGS__20150405T142011_S20130709T111252_N06.02</PRODUCT>
                        <DATATYPE>MSI_L0__DS</DATATYPE>
                        <Timeline>Valid</Timeline>
                        <Library>Completeness</Library>
                     </Parameters>
                  </Task>
                  <Task id="MSI_L0__DS#d1e384358.Completenees">
                     <Type>MSI_L0__DS</Type>
                     <End>2013-07-09T11:23:27.000000Z</End>
                     <Start>2013-07-09T11:15:38.000000Z</Start>
                     <Caption/>
                     <Parameters>
                        <PRODUCT>S2A_OPER_MSI_L0__DS_SGS__20150405T155915_S20130709T111538_N06.02</PRODUCT>
                        <DATATYPE>MSI_L0__DS</DATATYPE>
                        <Timeline>Valid</Timeline>
                        <Library>Completeness</Library>
                     </Parameters>
                  </Task>
                  <Task id="MSI_L0__DS#d1e384379.Completenees">
                     <Type>MSI_L0__DS</Type>
                     <End>2013-07-09T12:48:14.000000Z</End>
                     <Start>2013-07-09T12:47:24.000000Z</Start>
                     <Caption/>
                     <Parameters>
                        <PRODUCT>S2A_OPER_MSI_L0__DS_SGS__20150405T142012_S20130709T124724_N06.02</PRODUCT>
                        <DATATYPE>MSI_L0__DS</DATATYPE>
                        <Timeline>Valid</Timeline>
                        <Library>Completeness</Library>
                     </Parameters>
                  </Task>
                  <Task id="MSI_L0__DS#d1e384400.Completenees">
                     <Type>MSI_L0__DS</Type>
                     <End>2013-07-09T14:27:12.000000Z</End>
                     <Start>2013-07-09T14:24:27.000000Z</Start>
                     <Caption/>
                     <Parameters>
                        <PRODUCT>S2A_OPER_MSI_L0__DS_SGS__20150405T155916_S20130709T142427_N06.02</PRODUCT>
                        <DATATYPE>MSI_L0__DS</DATATYPE>
                        <Timeline>Valid</Timeline>
                        <Library>Completeness</Library>
                     </Parameters>
                  </Task>
                  <Task id="MSI_L0__DS#d1e384421.Completenees">
                     <Type>MSI_L0__DS</Type>
                     <End>2013-07-09T14:29:51.000000Z</End>
                     <Start>2013-07-09T14:27:05.000000Z</Start>
                     <Caption/>
                     <Parameters>
                        <PRODUCT>S2A_OPER_MSI_L0__DS_SGS__20150405T172554_S20130709T142705_N06.02</PRODUCT>
                        <DATATYPE>MSI_L0__DS</DATATYPE>
                        <Timeline>Valid</Timeline>
                        <Library>Completeness</Library>
                     </Parameters>
                  </Task>
                  <Task id="MSI_L0__DS#d1e384443.Completenees">
                     <Type>MSI_L0__DS</Type>
                     <End>2013-07-09T16:07:09.000000Z</End>
                     <Start>2013-07-09T16:03:18.000000Z</Start>
                     <Caption/>
                     <Parameters>
                        <PRODUCT>S2A_OPER_MSI_L0__DS_SGS__20150405T190552_S20130709T160318_N06.02</PRODUCT>
                        <DATATYPE>MSI_L0__DS</DATATYPE>
                        <Timeline>Valid</Timeline>
                        <Library>Completeness</Library>
                     </Parameters>
                  </Task>
                  <Task id="MSI_L0__DS#d1e384464.Completenees">
                     <Type>MSI_L0__DS</Type>
                     <End>2013-07-09T17:46:08.000000Z</End>
                     <Start>2013-07-09T17:43:01.000000Z</Start>
                     <Caption/>
                     <Parameters>
                        <PRODUCT>S2A_OPER_MSI_L0__DS_MTI__20150405T204050_S20130709T174301_N06.02</PRODUCT>
                        <DATATYPE>MSI_L0__DS</DATATYPE>
                        <Timeline>Valid</Timeline>
                        <Library>Completeness</Library>
                     </Parameters>
                  </Task>
                  <Task id="MSI_L0__DS#d1e384485.Completenees">
                     <Type>MSI_L0__DS</Type>
                     <End>2013-07-09T22:51:50.000000Z</End>
                     <Start>2013-07-09T22:50:13.000000Z</Start>
                     <Caption/>
                     <Parameters>
                        <PRODUCT>S2A_OPER_MSI_L0__DS_SGS__20150406T014744_S20130709T225013_N06.02</PRODUCT>
                        <DATATYPE>MSI_L0__DS</DATATYPE>
                        <Timeline>Valid</Timeline>
                        <Library>Completeness</Library>
                     </Parameters>
                  </Task>
                  <Task id="MSI_L0__DS#d1e384506.Completenees">
                     <Type>MSI_L0__DS</Type>
                     <End>2013-07-10T00:36:22.000000Z</End>
                     <Start>2013-07-10T00:31:30.000000Z</Start>
                     <Caption/>
                     <Parameters>
                        <PRODUCT>S2A_OPER_MSI_L0__DS_SGS__20150406T033709_S20130710T003130_N06.02</PRODUCT>
                        <DATATYPE>MSI_L0__DS</DATATYPE>
                        <Timeline>Valid</Timeline>
                        <Library>Completeness</Library>
                     </Parameters>
                  </Task>
                  <Task id="MSI_L0__DS#d1e384527.Completenees">
                     <Type>MSI_L0__DS</Type>
                     <End>2013-07-10T00:58:28.000000Z</End>
                     <Start>2013-07-10T00:54:09.000000Z</Start>
                     <Caption/>
                     <Parameters>
                        <PRODUCT>S2A_OPER_MSI_L0__DS_SGS__20150406T033707_S20130710T005409_N06.02</PRODUCT>
                        <DATATYPE>MSI_L0__DS</DATATYPE>
                        <Timeline>Valid</Timeline>
                        <Library>Completeness</Library>
                     </Parameters>
                  </Task>
                  <Task id="MSI_L0__DS#d1e384548.Completenees">
                     <Type>MSI_L0__DS</Type>
                     <End>2013-07-10T01:00:53.000000Z</End>
                     <Start>2013-07-10T00:58:21.000000Z</Start>
                     <Caption/>
                     <Parameters>
                        <PRODUCT>S2A_OPER_MSI_L0__DS_SGS__20150406T052444_S20130710T005821_N06.02</PRODUCT>
                        <DATATYPE>MSI_L0__DS</DATATYPE>
                        <Timeline>Valid</Timeline>
                        <Library>Completeness</Library>
                     </Parameters>
                  </Task>
                  <Task id="MSI_L0__DS#d1e384570.Completenees">
                     <Type>MSI_L0__DS</Type>
                     <End>2013-07-10T02:21:56.000000Z</End>
                     <Start>2013-07-10T02:11:32.000000Z</Start>
                     <Caption/>
                     <Parameters>
                        <PRODUCT>S2A_OPER_MSI_L0__DS_SGS__20150406T052444_S20130710T021132_N06.02</PRODUCT>
                        <DATATYPE>MSI_L0__DS</DATATYPE>
                        <Timeline>Valid</Timeline>
                        <Library>Completeness</Library>
                     </Parameters>
                  </Task>
               </Tasks>
               <Types>
                  <Categories>
                     <Category key="Library"/>
                     <Category key="Timeline"/>
                     <Category key="DATATYPE"/>
                  </Categories>
               </Types>
            </GanttX>