<?xml version="1.0" encoding="UTF-8" standalone="no"?><timeline xmlns:date="http://www.deimos-space.com/Quarc/Reporting/Dates" xmlns:qrl="http://www.deimos-space.com/Quarc/Reporting/Language" xmlns:xdqi="http://www.deimos-space.com/Quarc/Data/Ingestion/Interface">
               <event xmlns:xs="http://www.w3.org/2001/XMLSchema" xmlns:fn="http://www.w3.org/2005/xpath-functions" xmlns:functx="http://www.functx.com" xmlns:xdei="http://www.deimos-space.com/XML/Data/Extraction/Interface" explicit_reference="S2A_OPER_MSI_L0__DS_SGS__20150403T151732_S20130707T134508_N06.02">
                  <gauge name="FILE-VALID" system="ARCHIVING;CENTRE=CGS2">
                     <value>NUMGR=444</value>
                  </gauge>
                  <start precise="TRUE">
                     <UTC>07-JUL-2013 13:45:08.000</UTC>
                  </start>
                  <stop precise="TRUE">
                     <UTC>07-JUL-2013 13:47:18.000</UTC>
                  </stop>
               </event>
               <event xmlns:xs="http://www.w3.org/2001/XMLSchema" xmlns:fn="http://www.w3.org/2005/xpath-functions" xmlns:functx="http://www.functx.com" xmlns:xdei="http://www.deimos-space.com/XML/Data/Extraction/Interface" explicit_reference="S2A_OPER_MSI_L0__DS_SGS__20150403T182651_S20130707T152324_N06.02">
                  <gauge name="FILE-VALID" system="ARCHIVING;CENTRE=CGS2">
                     <value>NUMGR=1044</value>
                  </gauge>
                  <start precise="TRUE">
                     <UTC>07-JUL-2013 15:23:24.000</UTC>
                  </start>
                  <stop precise="TRUE">
                     <UTC>07-JUL-2013 15:28:34.000</UTC>
                  </stop>
               </event>
               <event xmlns:xs="http://www.w3.org/2001/XMLSchema" xmlns:fn="http://www.w3.org/2005/xpath-functions" xmlns:functx="http://www.functx.com" xmlns:xdei="http://www.deimos-space.com/XML/Data/Extraction/Interface" explicit_reference="S2A_OPER_MSI_L0__DS_SGS__20150403T200906_S20130707T171415_N06.02">
                  <gauge name="FILE-VALID" system="ARCHIVING;CENTRE=CGS2">
                     <value>NUMGR=1596</value>
                  </gauge>
                  <start precise="TRUE">
                     <UTC>07-JUL-2013 17:14:15.000</UTC>
                  </start>
                  <stop precise="TRUE">
                     <UTC>07-JUL-2013 17:22:12.000</UTC>
                  </stop>
               </event>
               <event xmlns:xs="http://www.w3.org/2001/XMLSchema" xmlns:fn="http://www.w3.org/2005/xpath-functions" xmlns:functx="http://www.functx.com" xmlns:xdei="http://www.deimos-space.com/XML/Data/Extraction/Interface" explicit_reference="S2A_OPER_MSI_L0__DS_MTI__20150403T213435_S20130707T184251_N06.02">
                  <gauge name="FILE-VALID" system="ARCHIVING;CENTRE=CGS1">
                     <value>NUMGR=588</value>
                  </gauge>
                  <start precise="TRUE">
                     <UTC>07-JUL-2013 18:42:51.000</UTC>
                  </start>
                  <stop precise="TRUE">
                     <UTC>07-JUL-2013 18:45:44.000</UTC>
                  </stop>
               </event>
               <event xmlns:xs="http://www.w3.org/2001/XMLSchema" xmlns:fn="http://www.w3.org/2005/xpath-functions" xmlns:functx="http://www.functx.com" xmlns:xdei="http://www.deimos-space.com/XML/Data/Extraction/Interface" explicit_reference="S2A_OPER_MSI_L0__DS_MTI__20150403T231505_S20130707T202955_N06.02">
                  <gauge name="FILE-VALID" system="ARCHIVING;CENTRE=CGS1">
                     <value>NUMGR=600</value>
                  </gauge>
                  <start precise="TRUE">
                     <UTC>07-JUL-2013 20:29:55.000</UTC>
                  </start>
                  <stop precise="TRUE">
                     <UTC>07-JUL-2013 20:32:51.000</UTC>
                  </stop>
               </event>
               <event xmlns:xs="http://www.w3.org/2001/XMLSchema" xmlns:fn="http://www.w3.org/2005/xpath-functions" xmlns:functx="http://www.functx.com" xmlns:xdei="http://www.deimos-space.com/XML/Data/Extraction/Interface" explicit_reference="S2A_OPER_MSI_L0__DS_SGS__20150404T010743_S20130707T221009_N06.02">
                  <gauge name="FILE-VALID" system="ARCHIVING;CENTRE=CGS2">
                     <value>NUMGR=648</value>
                  </gauge>
                  <start precise="TRUE">
                     <UTC>07-JUL-2013 22:10:09.000</UTC>
                  </start>
                  <stop precise="TRUE">
                     <UTC>07-JUL-2013 22:13:20.000</UTC>
                  </stop>
               </event>
               <event xmlns:xs="http://www.w3.org/2001/XMLSchema" xmlns:fn="http://www.w3.org/2005/xpath-functions" xmlns:functx="http://www.functx.com" xmlns:xdei="http://www.deimos-space.com/XML/Data/Extraction/Interface" explicit_reference="S2A_OPER_MSI_L0__DS_SGS__20150404T024916_S20130707T235126_N06.02">
                  <gauge name="FILE-VALID" system="ARCHIVING;CENTRE=CGS2">
                     <value>NUMGR=384</value>
                  </gauge>
                  <start precise="TRUE">
                     <UTC>07-JUL-2013 23:51:26.000</UTC>
                  </start>
                  <stop precise="TRUE">
                     <UTC>07-JUL-2013 23:53:18.000</UTC>
                  </stop>
               </event>
               <event xmlns:xs="http://www.w3.org/2001/XMLSchema" xmlns:fn="http://www.w3.org/2005/xpath-functions" xmlns:functx="http://www.functx.com" xmlns:xdei="http://www.deimos-space.com/XML/Data/Extraction/Interface" explicit_reference="S2A_OPER_MSI_L0__DS_SGS__20150404T043917_S20130708T013144_N06.02">
                  <gauge name="FILE-VALID" system="ARCHIVING;CENTRE=CGS2">
                     <value>NUMGR=624</value>
                  </gauge>
                  <start precise="TRUE">
                     <UTC>08-JUL-2013 01:31:44.000</UTC>
                  </start>
                  <stop precise="TRUE">
                     <UTC>08-JUL-2013 01:34:48.000</UTC>
                  </stop>
               </event>
               <event xmlns:xs="http://www.w3.org/2001/XMLSchema" xmlns:fn="http://www.w3.org/2005/xpath-functions" xmlns:functx="http://www.functx.com" xmlns:xdei="http://www.deimos-space.com/XML/Data/Extraction/Interface" explicit_reference="S2A_OPER_MSI_L0__DS_SGS__20150404T043916_S20130708T015532_N06.02">
                  <gauge name="FILE-VALID" system="ARCHIVING;CENTRE=CGS2">
                     <value>NUMGR=1128</value>
                  </gauge>
                  <start precise="TRUE">
                     <UTC>08-JUL-2013 01:55:32.000</UTC>
                  </start>
                  <stop precise="TRUE">
                     <UTC>08-JUL-2013 02:01:07.000</UTC>
                  </stop>
               </event>
               <event xmlns:xs="http://www.w3.org/2001/XMLSchema" xmlns:fn="http://www.w3.org/2005/xpath-functions" xmlns:functx="http://www.functx.com" xmlns:xdei="http://www.deimos-space.com/XML/Data/Extraction/Interface" explicit_reference="S2A_OPER_MSI_L0__DS_SGS__20150404T043916_S20130708T025936_N06.02">
                  <gauge name="FILE-VALID" system="ARCHIVING;CENTRE=CGS2">
                     <value>NUMGR=96</value>
                  </gauge>
                  <start precise="TRUE">
                     <UTC>08-JUL-2013 02:59:36.000</UTC>
                  </start>
                  <stop precise="TRUE">
                     <UTC>08-JUL-2013 03:00:01.000</UTC>
                  </stop>
               </event>
               <event xmlns:xs="http://www.w3.org/2001/XMLSchema" xmlns:fn="http://www.w3.org/2005/xpath-functions" xmlns:functx="http://www.functx.com" xmlns:xdei="http://www.deimos-space.com/XML/Data/Extraction/Interface" explicit_reference="S2A_OPER_MSI_L0__DS_SGS__20150404T062138_S20130708T031118_N06.02">
                  <gauge name="FILE-VALID" system="ARCHIVING;CENTRE=CGS2">
                     <value>NUMGR=384</value>
                  </gauge>
                  <start precise="TRUE">
                     <UTC>08-JUL-2013 03:11:18.000</UTC>
                  </start>
                  <stop precise="TRUE">
                     <UTC>08-JUL-2013 03:13:09.000</UTC>
                  </stop>
               </event>
               <event xmlns:xs="http://www.w3.org/2001/XMLSchema" xmlns:fn="http://www.w3.org/2005/xpath-functions" xmlns:functx="http://www.functx.com" xmlns:xdei="http://www.deimos-space.com/XML/Data/Extraction/Interface" explicit_reference="S2A_OPER_MSI_L0__DS_SGS__20150404T080446_S20130708T031302_N06.02">
                  <gauge name="FILE-VALID" system="ARCHIVING;CENTRE=CGS2">
                     <value>NUMGR=2520</value>
                  </gauge>
                  <start precise="TRUE">
                     <UTC>08-JUL-2013 03:13:02.000</UTC>
                  </start>
                  <stop precise="TRUE">
                     <UTC>08-JUL-2013 03:25:36.000</UTC>
                  </stop>
               </event>
               <event xmlns:xs="http://www.w3.org/2001/XMLSchema" xmlns:fn="http://www.w3.org/2005/xpath-functions" xmlns:functx="http://www.functx.com" xmlns:xdei="http://www.deimos-space.com/XML/Data/Extraction/Interface" explicit_reference="S2A_OPER_MSI_L0__DS_SGS__20150404T094738_S20130708T032529_N06.02">
                  <gauge name="FILE-VALID" system="ARCHIVING;CENTRE=CGS2">
                     <value>NUMGR=840</value>
                  </gauge>
                  <start precise="TRUE">
                     <UTC>08-JUL-2013 03:25:29.000</UTC>
                  </start>
                  <stop precise="TRUE">
                     <UTC>08-JUL-2013 03:29:38.000</UTC>
                  </stop>
               </event>
               <event xmlns:xs="http://www.w3.org/2001/XMLSchema" xmlns:fn="http://www.w3.org/2005/xpath-functions" xmlns:functx="http://www.functx.com" xmlns:xdei="http://www.deimos-space.com/XML/Data/Extraction/Interface" explicit_reference="S2A_OPER_MSI_L0__DS_SGS__20150404T062136_S20130708T041045_N06.02">
                  <gauge name="FILE-VALID" system="ARCHIVING;CENTRE=CGS2">
                     <value>NUMGR=1668</value>
                  </gauge>
                  <start precise="TRUE">
                     <UTC>08-JUL-2013 04:10:45.000</UTC>
                  </start>
                  <stop precise="TRUE">
                     <UTC>08-JUL-2013 04:19:03.000</UTC>
                  </stop>
               </event>
               <event xmlns:xs="http://www.w3.org/2001/XMLSchema" xmlns:fn="http://www.w3.org/2005/xpath-functions" xmlns:functx="http://www.functx.com" xmlns:xdei="http://www.deimos-space.com/XML/Data/Extraction/Interface" explicit_reference="S2A_OPER_MSI_L0__DS_SGS__20150404T094738_S20130708T045157_N06.02">
                  <gauge name="FILE-VALID" system="ARCHIVING;CENTRE=CGS2">
                     <value>NUMGR=2016</value>
                  </gauge>
                  <start precise="TRUE">
                     <UTC>08-JUL-2013 04:51:57.000</UTC>
                  </start>
                  <stop precise="TRUE">
                     <UTC>08-JUL-2013 05:01:59.000</UTC>
                  </stop>
               </event>
               <event xmlns:xs="http://www.w3.org/2001/XMLSchema" xmlns:fn="http://www.w3.org/2005/xpath-functions" xmlns:functx="http://www.functx.com" xmlns:xdei="http://www.deimos-space.com/XML/Data/Extraction/Interface" explicit_reference="S2A_OPER_MSI_L0__DS_SGS__20150404T112558_S20130708T050152_N06.02">
                  <gauge name="FILE-VALID" system="ARCHIVING;CENTRE=CGS2">
                     <value>NUMGR=1284</value>
                  </gauge>
                  <start precise="TRUE">
                     <UTC>08-JUL-2013 05:01:52.000</UTC>
                  </start>
                  <stop precise="TRUE">
                     <UTC>08-JUL-2013 05:08:15.000</UTC>
                  </stop>
               </event>
               <event xmlns:xs="http://www.w3.org/2001/XMLSchema" xmlns:fn="http://www.w3.org/2005/xpath-functions" xmlns:functx="http://www.functx.com" xmlns:xdei="http://www.deimos-space.com/XML/Data/Extraction/Interface" explicit_reference="S2A_OPER_MSI_L0__DS_SGS__20150404T112558_S20130708T063155_N06.02">
                  <gauge name="FILE-VALID" system="ARCHIVING;CENTRE=CGS2">
                     <value>NUMGR=348</value>
                  </gauge>
                  <start precise="TRUE">
                     <UTC>08-JUL-2013 06:31:55.000</UTC>
                  </start>
                  <stop precise="TRUE">
                     <UTC>08-JUL-2013 06:33:36.000</UTC>
                  </stop>
               </event>
               <event xmlns:xs="http://www.w3.org/2001/XMLSchema" xmlns:fn="http://www.w3.org/2005/xpath-functions" xmlns:functx="http://www.functx.com" xmlns:xdei="http://www.deimos-space.com/XML/Data/Extraction/Interface" explicit_reference="S2A_OPER_MSI_L0__DS_SGS__20150404T130913_S20130708T063329_N06.02">
                  <gauge name="FILE-VALID" system="ARCHIVING;CENTRE=CGS2">
                     <value>NUMGR=2748</value>
                  </gauge>
                  <start precise="TRUE">
                     <UTC>08-JUL-2013 06:33:29.000</UTC>
                  </start>
                  <stop precise="TRUE">
                     <UTC>08-JUL-2013 06:47:11.000</UTC>
                  </stop>
               </event>
               <event xmlns:xs="http://www.w3.org/2001/XMLSchema" xmlns:fn="http://www.w3.org/2005/xpath-functions" xmlns:functx="http://www.functx.com" xmlns:xdei="http://www.deimos-space.com/XML/Data/Extraction/Interface" explicit_reference="S2A_OPER_MSI_L0__DS_MTI__20150404T131445_S20130708T064704_N06.02">
                  <gauge name="FILE-VALID" system="ARCHIVING;CENTRE=CGS1">
                     <value>NUMGR=156</value>
                  </gauge>
                  <start precise="TRUE">
                     <UTC>08-JUL-2013 06:47:04.000</UTC>
                  </start>
                  <stop precise="TRUE">
                     <UTC>08-JUL-2013 06:47:48.000</UTC>
                  </stop>
               </event>
               <event xmlns:xs="http://www.w3.org/2001/XMLSchema" xmlns:fn="http://www.w3.org/2005/xpath-functions" xmlns:functx="http://www.functx.com" xmlns:xdei="http://www.deimos-space.com/XML/Data/Extraction/Interface" explicit_reference="S2A_OPER_MSI_L0__DS_MTI__20150404T095550_S20130708T081443_N06.02">
                  <gauge name="FILE-VALID" system="ARCHIVING;CENTRE=CGS1">
                     <value>NUMGR=1788</value>
                  </gauge>
                  <start precise="TRUE">
                     <UTC>08-JUL-2013 08:14:43.000</UTC>
                  </start>
                  <stop precise="TRUE">
                     <UTC>08-JUL-2013 08:23:37.000</UTC>
                  </stop>
               </event>
               <event xmlns:xs="http://www.w3.org/2001/XMLSchema" xmlns:fn="http://www.w3.org/2005/xpath-functions" xmlns:functx="http://www.functx.com" xmlns:xdei="http://www.deimos-space.com/XML/Data/Extraction/Interface" explicit_reference="S2A_OPER_MSI_L0__DS_SGS__20150404T112558_S20130708T082329_N06.02">
                  <gauge name="FILE-VALID" system="ARCHIVING;CENTRE=CGS2">
                     <value>NUMGR=708</value>
                  </gauge>
                  <start precise="TRUE">
                     <UTC>08-JUL-2013 08:23:29.000</UTC>
                  </start>
                  <stop precise="TRUE">
                     <UTC>08-JUL-2013 08:26:57.000</UTC>
                  </stop>
               </event>
               <event xmlns:xs="http://www.w3.org/2001/XMLSchema" xmlns:fn="http://www.w3.org/2005/xpath-functions" xmlns:functx="http://www.functx.com" xmlns:xdei="http://www.deimos-space.com/XML/Data/Extraction/Interface" explicit_reference="S2A_OPER_MSI_L0__DS_MTI__20150404T131446_S20130708T082650_N06.02">
                  <gauge name="FILE-VALID" system="ARCHIVING;CENTRE=CGS1">
                     <value>NUMGR=528</value>
                  </gauge>
                  <start precise="TRUE">
                     <UTC>08-JUL-2013 08:26:50.000</UTC>
                  </start>
                  <stop precise="TRUE">
                     <UTC>08-JUL-2013 08:29:25.000</UTC>
                  </stop>
               </event>
               <event xmlns:xs="http://www.w3.org/2001/XMLSchema" xmlns:fn="http://www.w3.org/2005/xpath-functions" xmlns:functx="http://www.functx.com" xmlns:xdei="http://www.deimos-space.com/XML/Data/Extraction/Interface" explicit_reference="S2A_OPER_MSI_L0__DS_SGS__20150404T144901_S20130708T082918_N06.02">
                  <gauge name="FILE-VALID" system="ARCHIVING;CENTRE=CGS2">
                     <value>NUMGR=2904</value>
                  </gauge>
                  <start precise="TRUE">
                     <UTC>08-JUL-2013 08:29:18.000</UTC>
                  </start>
                  <stop precise="TRUE">
                     <UTC>08-JUL-2013 08:43:47.000</UTC>
                  </stop>
               </event>
               <event xmlns:xs="http://www.w3.org/2001/XMLSchema" xmlns:fn="http://www.w3.org/2005/xpath-functions" xmlns:functx="http://www.functx.com" xmlns:xdei="http://www.deimos-space.com/XML/Data/Extraction/Interface" explicit_reference="S2A_OPER_MSI_L0__DS_MTI__20150404T113905_S20130708T095506_N06.02">
                  <gauge name="FILE-VALID" system="ARCHIVING;CENTRE=CGS1">
                     <value>NUMGR=2220</value>
                  </gauge>
                  <start precise="TRUE">
                     <UTC>08-JUL-2013 09:55:06.000</UTC>
                  </start>
                  <stop precise="TRUE">
                     <UTC>08-JUL-2013 10:06:10.000</UTC>
                  </stop>
               </event>
               <event xmlns:xs="http://www.w3.org/2001/XMLSchema" xmlns:fn="http://www.w3.org/2005/xpath-functions" xmlns:functx="http://www.functx.com" xmlns:xdei="http://www.deimos-space.com/XML/Data/Extraction/Interface" explicit_reference="S2A_OPER_MSI_L0__DS_MTI__20150404T113906_S20130708T100639_N06.02">
                  <gauge name="FILE-VALID" system="ARCHIVING;CENTRE=CGS1">
                     <value>NUMGR=576</value>
                  </gauge>
                  <start precise="TRUE">
                     <UTC>08-JUL-2013 10:06:39.000</UTC>
                  </start>
                  <stop precise="TRUE">
                     <UTC>08-JUL-2013 10:09:28.000</UTC>
                  </stop>
               </event>
               <event xmlns:xs="http://www.w3.org/2001/XMLSchema" xmlns:fn="http://www.w3.org/2005/xpath-functions" xmlns:functx="http://www.functx.com" xmlns:xdei="http://www.deimos-space.com/XML/Data/Extraction/Interface" explicit_reference="S2A_OPER_MSI_L0__DS_SGS__20150404T130912_S20130708T100921_N06.02">
                  <gauge name="FILE-VALID" system="ARCHIVING;CENTRE=CGS2">
                     <value>NUMGR=300</value>
                  </gauge>
                  <start precise="TRUE">
                     <UTC>08-JUL-2013 10:09:21.000</UTC>
                  </start>
                  <stop precise="TRUE">
                     <UTC>08-JUL-2013 10:10:47.000</UTC>
                  </stop>
               </event>
               <event xmlns:xs="http://www.w3.org/2001/XMLSchema" xmlns:fn="http://www.w3.org/2005/xpath-functions" xmlns:functx="http://www.functx.com" xmlns:xdei="http://www.deimos-space.com/XML/Data/Extraction/Interface" explicit_reference="S2A_OPER_MSI_L0__DS_SGS__20150404T144903_S20130708T101118_N06.02">
                  <gauge name="FILE-VALID" system="ARCHIVING;CENTRE=CGS2">
                     <value>NUMGR=156</value>
                  </gauge>
                  <start precise="TRUE">
                     <UTC>08-JUL-2013 10:11:18.000</UTC>
                  </start>
                  <stop precise="TRUE">
                     <UTC>08-JUL-2013 10:12:01.000</UTC>
                  </stop>
               </event>
               <event xmlns:xs="http://www.w3.org/2001/XMLSchema" xmlns:fn="http://www.w3.org/2005/xpath-functions" xmlns:functx="http://www.functx.com" xmlns:xdei="http://www.deimos-space.com/XML/Data/Extraction/Interface" explicit_reference="S2A_OPER_MSI_L0__DS_SGS__20150404T162814_S20130708T101154_N06.02">
                  <gauge name="FILE-VALID" system="ARCHIVING;CENTRE=CGS2">
                     <value>NUMGR=372</value>
                  </gauge>
                  <start precise="TRUE">
                     <UTC>08-JUL-2013 10:11:54.000</UTC>
                  </start>
                  <stop precise="TRUE">
                     <UTC>08-JUL-2013 10:13:42.000</UTC>
                  </stop>
               </event>
               <event xmlns:xs="http://www.w3.org/2001/XMLSchema" xmlns:fn="http://www.w3.org/2005/xpath-functions" xmlns:functx="http://www.functx.com" xmlns:xdei="http://www.deimos-space.com/XML/Data/Extraction/Interface" explicit_reference="S2A_OPER_MSI_L0__DS_MTI__20150404T131446_S20130708T113910_N06.02">
                  <gauge name="FILE-VALID" system="ARCHIVING;CENTRE=CGS1">
                     <value>NUMGR=468</value>
                  </gauge>
                  <start precise="TRUE">
                     <UTC>08-JUL-2013 11:39:10.000</UTC>
                  </start>
                  <stop precise="TRUE">
                     <UTC>08-JUL-2013 11:41:27.000</UTC>
                  </stop>
               </event>
               <event xmlns:xs="http://www.w3.org/2001/XMLSchema" xmlns:fn="http://www.w3.org/2005/xpath-functions" xmlns:functx="http://www.functx.com" xmlns:xdei="http://www.deimos-space.com/XML/Data/Extraction/Interface" explicit_reference="S2A_OPER_MSI_L0__DS_SGS__20150404T162814_S20130708T114842_N06.02">
                  <gauge name="FILE-VALID" system="ARCHIVING;CENTRE=CGS2">
                     <value>NUMGR=624</value>
                  </gauge>
                  <start precise="TRUE">
                     <UTC>08-JUL-2013 11:48:42.000</UTC>
                  </start>
                  <stop precise="TRUE">
                     <UTC>08-JUL-2013 11:51:46.000</UTC>
                  </stop>
               </event>
               <event xmlns:xs="http://www.w3.org/2001/XMLSchema" xmlns:fn="http://www.w3.org/2005/xpath-functions" xmlns:functx="http://www.functx.com" xmlns:xdei="http://www.deimos-space.com/XML/Data/Extraction/Interface" explicit_reference="S2A_OPER_MSI_L0__DS_SGS__20150404T162813_S20130708T131729_N06.02">
                  <gauge name="FILE-VALID" system="ARCHIVING;CENTRE=CGS2">
                     <value>NUMGR=156</value>
                  </gauge>
                  <start precise="TRUE">
                     <UTC>08-JUL-2013 13:17:29.000</UTC>
                  </start>
                  <stop precise="TRUE">
                     <UTC>08-JUL-2013 13:18:12.000</UTC>
                  </stop>
               </event>
               <event xmlns:xs="http://www.w3.org/2001/XMLSchema" xmlns:fn="http://www.w3.org/2005/xpath-functions" xmlns:functx="http://www.functx.com" xmlns:xdei="http://www.deimos-space.com/XML/Data/Extraction/Interface" explicit_reference="S2A_OPER_MSI_L0__DS_SGS__20150404T162813_S20130708T145341_N06.02">
                  <gauge name="FILE-VALID" system="ARCHIVING;CENTRE=CGS2">
                     <value>NUMGR=1176</value>
                  </gauge>
                  <start precise="TRUE">
                     <UTC>08-JUL-2013 14:53:41.000</UTC>
                  </start>
                  <stop precise="TRUE">
                     <UTC>08-JUL-2013 14:59:31.000</UTC>
                  </stop>
               </event>
               <event xmlns:xs="http://www.w3.org/2001/XMLSchema" xmlns:fn="http://www.w3.org/2005/xpath-functions" xmlns:functx="http://www.functx.com" xmlns:xdei="http://www.deimos-space.com/XML/Data/Extraction/Interface" explicit_reference="S2A_OPER_MSI_L0__DS_SGS__20150404T194713_S20130708T163314_N06.02">
                  <gauge name="FILE-VALID" system="ARCHIVING;CENTRE=CGS2">
                     <value>NUMGR=3120</value>
                  </gauge>
                  <start precise="TRUE">
                     <UTC>08-JUL-2013 16:33:14.000</UTC>
                  </start>
                  <stop precise="TRUE">
                     <UTC>08-JUL-2013 16:48:48.000</UTC>
                  </stop>
               </event>
               <event xmlns:xs="http://www.w3.org/2001/XMLSchema" xmlns:fn="http://www.w3.org/2005/xpath-functions" xmlns:functx="http://www.functx.com" xmlns:xdei="http://www.deimos-space.com/XML/Data/Extraction/Interface" explicit_reference="S2A_OPER_MSI_L0__DS_MTI__20150404T210735_S20130708T164841_N06.02">
                  <gauge name="FILE-VALID" system="ARCHIVING;CENTRE=CGS1">
                     <value>NUMGR=180</value>
                  </gauge>
                  <start precise="TRUE">
                     <UTC>08-JUL-2013 16:48:41.000</UTC>
                  </start>
                  <stop precise="TRUE">
                     <UTC>08-JUL-2013 16:49:31.000</UTC>
                  </stop>
               </event>
               <event xmlns:xs="http://www.w3.org/2001/XMLSchema" xmlns:fn="http://www.w3.org/2005/xpath-functions" xmlns:functx="http://www.functx.com" xmlns:xdei="http://www.deimos-space.com/XML/Data/Extraction/Interface" explicit_reference="S2A_OPER_MSI_L0__DS_MTI__20150404T210736_S20130708T181255_N06.02">
                  <gauge name="FILE-VALID" system="ARCHIVING;CENTRE=CGS1">
                     <value>NUMGR=624</value>
                  </gauge>
                  <start precise="TRUE">
                     <UTC>08-JUL-2013 18:12:55.000</UTC>
                  </start>
                  <stop precise="TRUE">
                     <UTC>08-JUL-2013 18:15:59.000</UTC>
                  </stop>
               </event>
               <event xmlns:xs="http://www.w3.org/2001/XMLSchema" xmlns:fn="http://www.w3.org/2005/xpath-functions" xmlns:functx="http://www.functx.com" xmlns:xdei="http://www.deimos-space.com/XML/Data/Extraction/Interface" explicit_reference="S2A_OPER_MSI_L0__DS_SGS__20150404T213752_S20130708T195233_N06.02">
                  <gauge name="FILE-VALID" system="ARCHIVING;CENTRE=CGS2">
                     <value>NUMGR=480</value>
                  </gauge>
                  <start precise="TRUE">
                     <UTC>08-JUL-2013 19:52:33.000</UTC>
                  </start>
                  <stop precise="TRUE">
                     <UTC>08-JUL-2013 19:54:53.000</UTC>
                  </stop>
               </event>
               <event xmlns:xs="http://www.w3.org/2001/XMLSchema" xmlns:fn="http://www.w3.org/2005/xpath-functions" xmlns:functx="http://www.functx.com" xmlns:xdei="http://www.deimos-space.com/XML/Data/Extraction/Interface" explicit_reference="S2A_OPER_MSI_L0__DS_SGS__20150405T021731_S20130708T232013_N06.02">
                  <gauge name="FILE-VALID" system="ARCHIVING;CENTRE=CGS2">
                     <value>NUMGR=204</value>
                  </gauge>
                  <start precise="TRUE">
                     <UTC>08-JUL-2013 23:20:13.000</UTC>
                  </start>
                  <stop precise="TRUE">
                     <UTC>08-JUL-2013 23:21:11.000</UTC>
                  </stop>
               </event>
               <event xmlns:xs="http://www.w3.org/2001/XMLSchema" xmlns:fn="http://www.w3.org/2005/xpath-functions" xmlns:functx="http://www.functx.com" xmlns:xdei="http://www.deimos-space.com/XML/Data/Extraction/Interface" explicit_reference="S2A_OPER_MSI_L0__DS_SGS__20150405T040831_S20130709T010137_N06.02">
                  <gauge name="FILE-VALID" system="ARCHIVING;CENTRE=CGS2">
                     <value>NUMGR=828</value>
                  </gauge>
                  <start precise="TRUE">
                     <UTC>09-JUL-2013 01:01:37.000</UTC>
                  </start>
                  <stop precise="TRUE">
                     <UTC>09-JUL-2013 01:05:43.000</UTC>
                  </stop>
               </event>
               <event xmlns:xs="http://www.w3.org/2001/XMLSchema" xmlns:fn="http://www.w3.org/2005/xpath-functions" xmlns:functx="http://www.functx.com" xmlns:xdei="http://www.deimos-space.com/XML/Data/Extraction/Interface" explicit_reference="S2A_OPER_MSI_L0__DS_SGS__20150405T040832_S20130709T012445_N06.02">
                  <gauge name="FILE-VALID" system="ARCHIVING;CENTRE=CGS2">
                     <value>NUMGR=1128</value>
                  </gauge>
                  <start precise="TRUE">
                     <UTC>09-JUL-2013 01:24:45.000</UTC>
                  </start>
                  <stop precise="TRUE">
                     <UTC>09-JUL-2013 01:30:21.000</UTC>
                  </stop>
               </event>
               <event xmlns:xs="http://www.w3.org/2001/XMLSchema" xmlns:fn="http://www.w3.org/2005/xpath-functions" xmlns:functx="http://www.functx.com" xmlns:xdei="http://www.deimos-space.com/XML/Data/Extraction/Interface" explicit_reference="S2A_OPER_MSI_L0__DS_SGS__20150405T055044_S20130709T024124_N06.02">
                  <gauge name="FILE-VALID" system="ARCHIVING;CENTRE=CGS2">
                     <value>NUMGR=2016</value>
                  </gauge>
                  <start precise="TRUE">
                     <UTC>09-JUL-2013 02:41:24.000</UTC>
                  </start>
                  <stop precise="TRUE">
                     <UTC>09-JUL-2013 02:51:27.000</UTC>
                  </stop>
               </event>
               <event xmlns:xs="http://www.w3.org/2001/XMLSchema" xmlns:fn="http://www.w3.org/2005/xpath-functions" xmlns:functx="http://www.functx.com" xmlns:xdei="http://www.deimos-space.com/XML/Data/Extraction/Interface" explicit_reference="S2A_OPER_MSI_L0__DS_SGS__20150405T073418_S20130709T025119_N06.02">
                  <gauge name="FILE-VALID" system="ARCHIVING;CENTRE=CGS2">
                     <value>NUMGR=852</value>
                  </gauge>
                  <start precise="TRUE">
                     <UTC>09-JUL-2013 02:51:19.000</UTC>
                  </start>
                  <stop precise="TRUE">
                     <UTC>09-JUL-2013 02:55:32.000</UTC>
                  </stop>
               </event>
               <event xmlns:xs="http://www.w3.org/2001/XMLSchema" xmlns:fn="http://www.w3.org/2005/xpath-functions" xmlns:functx="http://www.functx.com" xmlns:xdei="http://www.deimos-space.com/XML/Data/Extraction/Interface" explicit_reference="S2A_OPER_MSI_L0__DS_SGS__20150405T073417_S20130709T042200_N06.02">
                  <gauge name="FILE-VALID" system="ARCHIVING;CENTRE=CGS2">
                     <value>NUMGR=1488</value>
                  </gauge>
                  <start precise="TRUE">
                     <UTC>09-JUL-2013 04:22:00.000</UTC>
                  </start>
                  <stop precise="TRUE">
                     <UTC>09-JUL-2013 04:29:23.000</UTC>
                  </stop>
               </event>
               <event xmlns:xs="http://www.w3.org/2001/XMLSchema" xmlns:fn="http://www.w3.org/2005/xpath-functions" xmlns:functx="http://www.functx.com" xmlns:xdei="http://www.deimos-space.com/XML/Data/Extraction/Interface" explicit_reference="S2A_OPER_MSI_L0__DS_SGS__20150405T091708_S20130709T042916_N06.02">
                  <gauge name="FILE-VALID" system="ARCHIVING;CENTRE=CGS2">
                     <value>NUMGR=1356</value>
                  </gauge>
                  <start precise="TRUE">
                     <UTC>09-JUL-2013 04:29:16.000</UTC>
                  </start>
                  <stop precise="TRUE">
                     <UTC>09-JUL-2013 04:36:00.000</UTC>
                  </stop>
               </event>
               <event xmlns:xs="http://www.w3.org/2001/XMLSchema" xmlns:fn="http://www.w3.org/2005/xpath-functions" xmlns:functx="http://www.functx.com" xmlns:xdei="http://www.deimos-space.com/XML/Data/Extraction/Interface" explicit_reference="S2A_OPER_MSI_L0__DS_SGS__20150405T091708_S20130709T060114_N06.02">
                  <gauge name="FILE-VALID" system="ARCHIVING;CENTRE=CGS2">
                     <value>NUMGR=1428</value>
                  </gauge>
                  <start precise="TRUE">
                     <UTC>09-JUL-2013 06:01:14.000</UTC>
                  </start>
                  <stop precise="TRUE">
                     <UTC>09-JUL-2013 06:08:20.000</UTC>
                  </stop>
               </event>
               <event xmlns:xs="http://www.w3.org/2001/XMLSchema" xmlns:fn="http://www.w3.org/2005/xpath-functions" xmlns:functx="http://www.functx.com" xmlns:xdei="http://www.deimos-space.com/XML/Data/Extraction/Interface" explicit_reference="S2A_OPER_MSI_L0__DS_MTI__20150405T110942_S20130709T060812_N06.02">
                  <gauge name="FILE-VALID" system="ARCHIVING;CENTRE=CGS1">
                     <value>NUMGR=156</value>
                  </gauge>
                  <start precise="TRUE">
                     <UTC>09-JUL-2013 06:08:12.000</UTC>
                  </start>
                  <stop precise="TRUE">
                     <UTC>09-JUL-2013 06:08:56.000</UTC>
                  </stop>
               </event>
               <event xmlns:xs="http://www.w3.org/2001/XMLSchema" xmlns:fn="http://www.w3.org/2005/xpath-functions" xmlns:functx="http://www.functx.com" xmlns:xdei="http://www.deimos-space.com/XML/Data/Extraction/Interface" explicit_reference="S2A_OPER_MSI_L0__DS_SGS__20150405T123929_S20130709T060848_N06.02">
                  <gauge name="FILE-VALID" system="ARCHIVING;CENTRE=CGS2">
                     <value>NUMGR=1536</value>
                  </gauge>
                  <start precise="TRUE">
                     <UTC>09-JUL-2013 06:08:48.000</UTC>
                  </start>
                  <stop precise="TRUE">
                     <UTC>09-JUL-2013 06:16:27.000</UTC>
                  </stop>
               </event>
               <event xmlns:xs="http://www.w3.org/2001/XMLSchema" xmlns:fn="http://www.w3.org/2005/xpath-functions" xmlns:functx="http://www.functx.com" xmlns:xdei="http://www.deimos-space.com/XML/Data/Extraction/Interface" explicit_reference="S2A_OPER_MSI_L0__DS_SGS__20150405T105743_S20130709T074450_N06.02">
                  <gauge name="FILE-VALID" system="ARCHIVING;CENTRE=CGS2">
                     <value>NUMGR=2856</value>
                  </gauge>
                  <start precise="TRUE">
                     <UTC>09-JUL-2013 07:44:50.000</UTC>
                  </start>
                  <stop precise="TRUE">
                     <UTC>09-JUL-2013 07:59:05.000</UTC>
                  </stop>
               </event>
               <event xmlns:xs="http://www.w3.org/2001/XMLSchema" xmlns:fn="http://www.w3.org/2005/xpath-functions" xmlns:functx="http://www.functx.com" xmlns:xdei="http://www.deimos-space.com/XML/Data/Extraction/Interface" explicit_reference="S2A_OPER_MSI_L0__DS_MTI__20150405T110941_S20130709T075858_N06.02">
                  <gauge name="FILE-VALID" system="ARCHIVING;CENTRE=CGS1">
                     <value>NUMGR=144</value>
                  </gauge>
                  <start precise="TRUE">
                     <UTC>09-JUL-2013 07:58:58.000</UTC>
                  </start>
                  <stop precise="TRUE">
                     <UTC>09-JUL-2013 07:59:38.000</UTC>
                  </stop>
               </event>
               <event xmlns:xs="http://www.w3.org/2001/XMLSchema" xmlns:fn="http://www.w3.org/2005/xpath-functions" xmlns:functx="http://www.functx.com" xmlns:xdei="http://www.deimos-space.com/XML/Data/Extraction/Interface" explicit_reference="S2A_OPER_MSI_L0__DS_SGS__20150405T123928_S20130709T075940_N06.02">
                  <gauge name="FILE-VALID" system="ARCHIVING;CENTRE=CGS2">
                     <value>NUMGR=1536</value>
                  </gauge>
                  <start precise="TRUE">
                     <UTC>09-JUL-2013 07:59:40.000</UTC>
                  </start>
                  <stop precise="TRUE">
                     <UTC>09-JUL-2013 08:07:18.000</UTC>
                  </stop>
               </event>
               <event xmlns:xs="http://www.w3.org/2001/XMLSchema" xmlns:fn="http://www.w3.org/2005/xpath-functions" xmlns:functx="http://www.functx.com" xmlns:xdei="http://www.deimos-space.com/XML/Data/Extraction/Interface" explicit_reference="S2A_OPER_MSI_L0__DS_SGS__20150405T142012_S20130709T080711_N06.02">
                  <gauge name="FILE-VALID" system="ARCHIVING;CENTRE=CGS2">
                     <value>NUMGR=1284</value>
                  </gauge>
                  <start precise="TRUE">
                     <UTC>09-JUL-2013 08:07:11.000</UTC>
                  </start>
                  <stop precise="TRUE">
                     <UTC>09-JUL-2013 08:13:33.000</UTC>
                  </stop>
               </event>
               <event xmlns:xs="http://www.w3.org/2001/XMLSchema" xmlns:fn="http://www.w3.org/2005/xpath-functions" xmlns:functx="http://www.functx.com" xmlns:xdei="http://www.deimos-space.com/XML/Data/Extraction/Interface" explicit_reference="S2A_OPER_MSI_L0__DS_MTI__20150405T110940_S20130709T092520_N06.02">
                  <gauge name="FILE-VALID" system="ARCHIVING;CENTRE=CGS1">
                     <value>NUMGR=2196</value>
                  </gauge>
                  <start precise="TRUE">
                     <UTC>09-JUL-2013 09:25:20.000</UTC>
                  </start>
                  <stop precise="TRUE">
                     <UTC>09-JUL-2013 09:36:17.000</UTC>
                  </stop>
               </event>
               <event xmlns:xs="http://www.w3.org/2001/XMLSchema" xmlns:fn="http://www.w3.org/2005/xpath-functions" xmlns:functx="http://www.functx.com" xmlns:xdei="http://www.deimos-space.com/XML/Data/Extraction/Interface" explicit_reference="S2A_OPER_MSI_L0__DS_SGS__20150405T142012_S20130709T093619_N06.02">
                  <gauge name="FILE-VALID" system="ARCHIVING;CENTRE=CGS2">
                     <value>NUMGR=1056</value>
                  </gauge>
                  <start precise="TRUE">
                     <UTC>09-JUL-2013 09:36:19.000</UTC>
                  </start>
                  <stop precise="TRUE">
                     <UTC>09-JUL-2013 09:41:33.000</UTC>
                  </stop>
               </event>
               <event xmlns:xs="http://www.w3.org/2001/XMLSchema" xmlns:fn="http://www.w3.org/2005/xpath-functions" xmlns:functx="http://www.functx.com" xmlns:xdei="http://www.deimos-space.com/XML/Data/Extraction/Interface" explicit_reference="S2A_OPER_MSI_L0__DS_SGS__20150405T155916_S20130709T094126_N06.02">
                  <gauge name="FILE-VALID" system="ARCHIVING;CENTRE=CGS2">
                     <value>NUMGR=900</value>
                  </gauge>
                  <start precise="TRUE">
                     <UTC>09-JUL-2013 09:41:26.000</UTC>
                  </start>
                  <stop precise="TRUE">
                     <UTC>09-JUL-2013 09:45:53.000</UTC>
                  </stop>
               </event>
               <event xmlns:xs="http://www.w3.org/2001/XMLSchema" xmlns:fn="http://www.w3.org/2005/xpath-functions" xmlns:functx="http://www.functx.com" xmlns:xdei="http://www.deimos-space.com/XML/Data/Extraction/Interface" explicit_reference="S2A_OPER_MSI_L0__DS_MTI__20150405T124530_S20130709T110524_N06.02">
                  <gauge name="FILE-VALID" system="ARCHIVING;CENTRE=CGS1">
                     <value>NUMGR=1524</value>
                  </gauge>
                  <start precise="TRUE">
                     <UTC>09-JUL-2013 11:05:24.000</UTC>
                  </start>
                  <stop precise="TRUE">
                     <UTC>09-JUL-2013 11:12:59.000</UTC>
                  </stop>
               </event>
               <event xmlns:xs="http://www.w3.org/2001/XMLSchema" xmlns:fn="http://www.w3.org/2005/xpath-functions" xmlns:functx="http://www.functx.com" xmlns:xdei="http://www.deimos-space.com/XML/Data/Extraction/Interface" explicit_reference="S2A_OPER_MSI_L0__DS_SGS__20150405T142011_S20130709T111252_N06.02">
                  <gauge name="FILE-VALID" system="ARCHIVING;CENTRE=CGS2">
                     <value>NUMGR=588</value>
                  </gauge>
                  <start precise="TRUE">
                     <UTC>09-JUL-2013 11:12:52.000</UTC>
                  </start>
                  <stop precise="TRUE">
                     <UTC>09-JUL-2013 11:15:45.000</UTC>
                  </stop>
               </event>
               <event xmlns:xs="http://www.w3.org/2001/XMLSchema" xmlns:fn="http://www.w3.org/2005/xpath-functions" xmlns:functx="http://www.functx.com" xmlns:xdei="http://www.deimos-space.com/XML/Data/Extraction/Interface" explicit_reference="S2A_OPER_MSI_L0__DS_SGS__20150405T155915_S20130709T111538_N06.02">
                  <gauge name="FILE-VALID" system="ARCHIVING;CENTRE=CGS2">
                     <value>NUMGR=1572</value>
                  </gauge>
                  <start precise="TRUE">
                     <UTC>09-JUL-2013 11:15:38.000</UTC>
                  </start>
                  <stop precise="TRUE">
                     <UTC>09-JUL-2013 11:23:27.000</UTC>
                  </stop>
               </event>
               <event xmlns:xs="http://www.w3.org/2001/XMLSchema" xmlns:fn="http://www.w3.org/2005/xpath-functions" xmlns:functx="http://www.functx.com" xmlns:xdei="http://www.deimos-space.com/XML/Data/Extraction/Interface" explicit_reference="S2A_OPER_MSI_L0__DS_SGS__20150405T142012_S20130709T124724_N06.02">
                  <gauge name="FILE-VALID" system="ARCHIVING;CENTRE=CGS2">
                     <value>NUMGR=180</value>
                  </gauge>
                  <start precise="TRUE">
                     <UTC>09-JUL-2013 12:47:24.000</UTC>
                  </start>
                  <stop precise="TRUE">
                     <UTC>09-JUL-2013 12:48:14.000</UTC>
                  </stop>
               </event>
               <event xmlns:xs="http://www.w3.org/2001/XMLSchema" xmlns:fn="http://www.w3.org/2005/xpath-functions" xmlns:functx="http://www.functx.com" xmlns:xdei="http://www.deimos-space.com/XML/Data/Extraction/Interface" explicit_reference="S2A_OPER_MSI_L0__DS_SGS__20150405T155916_S20130709T142427_N06.02">
                  <gauge name="FILE-VALID" system="ARCHIVING;CENTRE=CGS2">
                     <value>NUMGR=564</value>
                  </gauge>
                  <start precise="TRUE">
                     <UTC>09-JUL-2013 14:24:27.000</UTC>
                  </start>
                  <stop precise="TRUE">
                     <UTC>09-JUL-2013 14:27:12.000</UTC>
                  </stop>
               </event>
               <event xmlns:xs="http://www.w3.org/2001/XMLSchema" xmlns:fn="http://www.w3.org/2005/xpath-functions" xmlns:functx="http://www.functx.com" xmlns:xdei="http://www.deimos-space.com/XML/Data/Extraction/Interface" explicit_reference="S2A_OPER_MSI_L0__DS_SGS__20150405T172554_S20130709T142705_N06.02">
                  <gauge name="FILE-VALID" system="ARCHIVING;CENTRE=CGS2">
                     <value>NUMGR=564</value>
                  </gauge>
                  <start precise="TRUE">
                     <UTC>09-JUL-2013 14:27:05.000</UTC>
                  </start>
                  <stop precise="TRUE">
                     <UTC>09-JUL-2013 14:29:51.000</UTC>
                  </stop>
               </event>
               <event xmlns:xs="http://www.w3.org/2001/XMLSchema" xmlns:fn="http://www.w3.org/2005/xpath-functions" xmlns:functx="http://www.functx.com" xmlns:xdei="http://www.deimos-space.com/XML/Data/Extraction/Interface" explicit_reference="S2A_OPER_MSI_L0__DS_SGS__20150405T190552_S20130709T160318_N06.02">
                  <gauge name="FILE-VALID" system="ARCHIVING;CENTRE=CGS2">
                     <value>NUMGR=780</value>
                  </gauge>
                  <start precise="TRUE">
                     <UTC>09-JUL-2013 16:03:18.000</UTC>
                  </start>
                  <stop precise="TRUE">
                     <UTC>09-JUL-2013 16:07:09.000</UTC>
                  </stop>
               </event>
               <event xmlns:xs="http://www.w3.org/2001/XMLSchema" xmlns:fn="http://www.w3.org/2005/xpath-functions" xmlns:functx="http://www.functx.com" xmlns:xdei="http://www.deimos-space.com/XML/Data/Extraction/Interface" explicit_reference="S2A_OPER_MSI_L0__DS_MTI__20150405T204050_S20130709T174301_N06.02">
                  <gauge name="FILE-VALID" system="ARCHIVING;CENTRE=CGS1">
                     <value>NUMGR=636</value>
                  </gauge>
                  <start precise="TRUE">
                     <UTC>09-JUL-2013 17:43:01.000</UTC>
                  </start>
                  <stop precise="TRUE">
                     <UTC>09-JUL-2013 17:46:08.000</UTC>
                  </stop>
               </event>
               <event xmlns:xs="http://www.w3.org/2001/XMLSchema" xmlns:fn="http://www.w3.org/2005/xpath-functions" xmlns:functx="http://www.functx.com" xmlns:xdei="http://www.deimos-space.com/XML/Data/Extraction/Interface" explicit_reference="S2A_OPER_MSI_L0__DS_SGS__20150406T014744_S20130709T225013_N06.02">
                  <gauge name="FILE-VALID" system="ARCHIVING;CENTRE=CGS2">
                     <value>NUMGR=336</value>
                  </gauge>
                  <start precise="TRUE">
                     <UTC>09-JUL-2013 22:50:13.000</UTC>
                  </start>
                  <stop precise="TRUE">
                     <UTC>09-JUL-2013 22:51:50.000</UTC>
                  </stop>
               </event>
               <event xmlns:xs="http://www.w3.org/2001/XMLSchema" xmlns:fn="http://www.w3.org/2005/xpath-functions" xmlns:functx="http://www.functx.com" xmlns:xdei="http://www.deimos-space.com/XML/Data/Extraction/Interface" explicit_reference="S2A_OPER_MSI_L0__DS_SGS__20150406T033709_S20130710T003130_N06.02">
                  <gauge name="FILE-VALID" system="ARCHIVING;CENTRE=CGS2">
                     <value>NUMGR=984</value>
                  </gauge>
                  <start precise="TRUE">
                     <UTC>10-JUL-2013 00:31:30.000</UTC>
                  </start>
                  <stop precise="TRUE">
                     <UTC>10-JUL-2013 00:36:22.000</UTC>
                  </stop>
               </event>
               <event xmlns:xs="http://www.w3.org/2001/XMLSchema" xmlns:fn="http://www.w3.org/2005/xpath-functions" xmlns:functx="http://www.functx.com" xmlns:xdei="http://www.deimos-space.com/XML/Data/Extraction/Interface" explicit_reference="S2A_OPER_MSI_L0__DS_SGS__20150406T033707_S20130710T005409_N06.02">
                  <gauge name="FILE-VALID" system="ARCHIVING;CENTRE=CGS2">
                     <value>NUMGR=876</value>
                  </gauge>
                  <start precise="TRUE">
                     <UTC>10-JUL-2013 00:54:09.000</UTC>
                  </start>
                  <stop precise="TRUE">
                     <UTC>10-JUL-2013 00:58:28.000</UTC>
                  </stop>
               </event>
               <event xmlns:xs="http://www.w3.org/2001/XMLSchema" xmlns:fn="http://www.w3.org/2005/xpath-functions" xmlns:functx="http://www.functx.com" xmlns:xdei="http://www.deimos-space.com/XML/Data/Extraction/Interface" explicit_reference="S2A_OPER_MSI_L0__DS_SGS__20150406T052444_S20130710T005821_N06.02">
                  <gauge name="FILE-VALID" system="ARCHIVING;CENTRE=CGS2">
                     <value>NUMGR=516</value>
                  </gauge>
                  <start precise="TRUE">
                     <UTC>10-JUL-2013 00:58:21.000</UTC>
                  </start>
                  <stop precise="TRUE">
                     <UTC>10-JUL-2013 01:00:53.000</UTC>
                  </stop>
               </event>
               <event xmlns:xs="http://www.w3.org/2001/XMLSchema" xmlns:fn="http://www.w3.org/2005/xpath-functions" xmlns:functx="http://www.functx.com" xmlns:xdei="http://www.deimos-space.com/XML/Data/Extraction/Interface" explicit_reference="S2A_OPER_MSI_L0__DS_SGS__20150406T052444_S20130710T021132_N06.02">
                  <gauge name="FILE-VALID" system="ARCHIVING;CENTRE=CGS2">
                     <value>NUMGR=2088</value>
                  </gauge>
                  <start precise="TRUE">
                     <UTC>10-JUL-2013 02:11:32.000</UTC>
                  </start>
                  <stop precise="TRUE">
                     <UTC>10-JUL-2013 02:21:56.000</UTC>
                  </stop>
               </event>
               <event xmlns:xs="http://www.w3.org/2001/XMLSchema" xmlns:fn="http://www.w3.org/2005/xpath-functions" xmlns:functx="http://www.functx.com" xmlns:xdei="http://www.deimos-space.com/XML/Data/Extraction/Interface" explicit_reference="FILE-VALID">
                  <gauge name="SUMMARY" system="CENTRE=">
                     <value>67734</value>
                  </gauge>
                  <start precise="TRUE">
                     <UTC>22-APR-2015 19:11:34.895</UTC>
                  </start>
                  <stop precise="TRUE">
                     <UTC>22-APR-2015 19:11:34.895</UTC>
                  </stop>
               </event>
               <event xmlns:xs="http://www.w3.org/2001/XMLSchema" xmlns:fn="http://www.w3.org/2005/xpath-functions" xmlns:functx="http://www.functx.com" xmlns:xdei="http://www.deimos-space.com/XML/Data/Extraction/Interface" explicit_reference="FILE-EXPECTED">
                  <gauge name="SUMMARY" system="CENTRE=">
                     <value>67734</value>
                  </gauge>
                  <start precise="TRUE">
                     <UTC>22-APR-2015 07:11:34.895</UTC>
                  </start>
                  <stop precise="TRUE">
                     <UTC>22-APR-2015 07:11:34.895</UTC>
                  </stop>
               </event>
            </timeline>